loc_id,img1,img2,img3,img4
662,745,746,747,748
215,121,122,123,124
675,769,770,771,772
208,101,102,103,104
516,529,530,531,532
582,625,626,627,628
595,641,642,643,644
484,473,474,475,476
473,453,454,455,456
427,369,370,371,372
623,689,690,691,692
251,169,170,171,172
448,417,418,419,420
465,437,438,439,440
477,461,462,463,464
346,317,318,319,320
515,525,526,527,528
324,249,250,251,252
512,517,518,519,520
336,285,286,287,288
507,505,506,507,508
209,105,106,107,108
561,597,598,599,600
210,109,110,111,112
654,737,738,739,740
628,697,698,699,700
405,325,326,327,328
329,261,262,263,264
646,721,722,723,724
212,113,114,115,116
304,201,202,203,204
607,665,666,667,668
414,337,338,339,340
479,465,466,467,468
13,1,2,3,4
28,25,26,27,28
307,205,206,207,208
559,593,594,595,596
344,309,310,311,312
26,21,22,23,24
533,557,558,559,560
35,37,38,39,40
503,501,502,503,504
536,561,562,563,564
436,393,394,395,396
428,373,374,375,376
666,749,750,751,752
612,677,678,679,680
685,781,782,783,784
492,481,482,483,484
430,381,382,383,384
315,229,230,231,232
30,29,30,31,32
217,129,130,131,132
51,49,50,51,52
594,637,638,639,640
673,765,766,767,768
421,353,354,355,356
599,649,650,651,652
25,17,18,19,20
429,377,378,379,380
579,621,622,623,624
453,425,426,427,428
223,145,146,147,148
222,141,142,143,144
485,477,478,479,480
668,753,754,755,756
425,361,362,363,364
213,117,118,119,120
578,617,618,619,620
402,321,322,323,324
319,233,234,235,236
202,85,86,87,88
444,413,414,415,416
252,173,174,175,176
438,401,402,403,404
600,653,654,655,656
606,661,662,663,664
517,533,534,535,536
416,345,346,347,348
328,257,258,259,260
669,757,758,759,760
203,89,90,91,92
555,585,586,587,588
556,589,590,591,592
529,549,550,551,552
43,45,46,47,48
226,157,158,159,160
439,405,406,407,408
527,545,546,547,548
341,297,298,299,300
649,725,726,727,728
228,161,162,163,164
432,385,386,387,388
229,165,166,167,168
602,657,658,659,660
216,125,126,127,128
205,93,94,95,96
224,149,150,151,152
681,773,774,775,776
642,713,714,715,716
21,13,14,15,16
497,489,490,491,492
610,669,670,671,672
422,357,358,359,360
653,733,734,735,736
225,153,154,155,156
338,293,294,295,296
343,305,306,307,308
564,601,602,603,604
481,469,470,471,472
547,577,578,579,580
650,729,730,731,732
277,197,198,199,200
314,225,226,227,228
466,441,442,443,444
337,289,290,291,292
615,681,682,683,684
530,553,554,555,556
313,221,222,223,224
326,253,254,255,256
93,77,78,79,80
271,181,182,183,184
684,777,778,779,780
511,513,514,515,516
449,421,422,423,424
322,241,242,243,244
34,33,34,35,36
514,521,522,523,524
273,189,190,191,192
624,693,694,695,696
620,685,686,687,688
686,785,786,787,788
310,213,214,215,216
689,793,794,795,796
9999,10001,10002,10003,10004
335,281,282,283,284
75,69,70,71,72
611,673,674,675,676
687,789,790,791,792
342,301,302,303,304
443,409,410,411,412
201,81,82,83,84
308,209,210,211,212
500,497,498,499,500
644,717,718,719,720
40,41,42,43,44
2,9,10,11,12
274,193,194,195,196
334,277,278,279,280
589,633,634,635,636
8,73,74,75,76
567,605,606,607,608
330,265,266,267,268
538,565,566,567,568
454,429,430,431,432
640,705,706,707,708
655,741,742,743,744
459,433,434,435,436
496,485,486,487,488
598,645,646,647,648
476,457,458,459,460
670,761,762,763,764
253,177,178,179,180
699,797,798,799,800
15,5,6,7,8
206,97,98,99,100
437,397,398,399,400
345,313,314,315,316
434,389,390,391,392
221,137,138,139,140
499,493,494,495,496
323,245,246,247,248
418,349,350,351,352
320,237,238,239,240
548,581,582,583,584
587,629,630,631,632
409,333,334,335,336
311,217,218,219,220
333,273,274,275,276
64,65,66,67,68
426,365,366,367,368
272,185,186,187,188
407,329,330,331,332
6,57,58,59,60
634,701,702,703,704
331,269,270,271,272
540,573,574,575,576
569,609,610,611,612
61,61,62,63,64
523,541,542,543,544
570,613,614,615,616
52,53,54,55,56
467,445,446,447,448
641,709,710,711,712
520,537,538,539,540
472,449,450,451,452
508,509,510,511,512
415,341,342,343,344
220,133,134,135,136
539,569,570,571,572
