id,user_id,part,loc_id,img_id,attractiveness,familiarity,uniqueness,friendliness,pleasure,arousal,dominance,golden_answer,start_time,end_time
266,8,1,,8,2,no,2,no,0.022222222222222122,-0.9994376187131441,0.02499999999999998,,2017-03-16 16:24:33.000000,2017-03-16 16:23:56.000000
267,7,1,,14,2,yes,2,yes,-0.0066663953993055585,-0.9992082078046357,0.05611165364583335,,2017-03-16 16:23:00.000000,2017-03-16 16:24:03.000000
268,8,1,,6,2,no,2,no,0,-0.9952349412869108,-0.21944444444444436,,2017-03-16 16:25:07.000000,2017-03-16 16:24:16.000000
269,9,1,,2,2,yes,1,no,-1,1,-0.14537082248263877,,2017-03-16 16:23:19.000000,2017-03-16 16:24:19.000000
270,10,1,,30,2,no,2,yes,-0.0037041558159722323,-0.9928467496403643,-0.2564805772569444,,2017-03-16 15:23:21.000000,2017-03-16 16:24:33.000000
271,7,1,,27,2,yes,2,yes,0.015555826822916565,-0.9989890568158002,0.0783338758680556,,2017-03-16 16:23:33.000000,2017-03-16 16:24:45.000000
272,9,1,,24,4,yes,2,yes,0.8629625108506944,0.5321573173321874,0.2546298556857639,,2017-03-16 16:23:48.000000,2017-03-16 16:24:51.000000
273,8,1,,75,4,no,3,yes,0.8222222222222222,0.32897597368471687,0.02499999999999998,,2017-03-16 16:25:28.000000,2017-03-16 16:25:01.000000
274,7,1,,77,4,no,4,yes,-0.0066663953993055585,-0.9978963028824751,0.14500054253472222,,2017-03-16 16:24:15.000000,2017-03-16 16:25:07.000000
275,10,1,,6,1,yes,2,no,-0.04814860026041672,-0.840835544357081,-0.5453694661458335,,2017-03-16 15:24:03.000000,2017-03-16 16:25:14.000000
276,8,1,,49,3,yes,4,yes,0.8444444444444446,0.4439446777788574,-0.13055555555555562,,2017-03-16 16:26:12.000000,2017-03-16 16:25:57.000000
277,10,1,,65,2,yes,1,yes,-0.22592637803819443,-0.9204178041951534,-0.47870279947916683,,2017-03-16 15:24:45.000000,2017-03-16 16:26:01.000000
278,9,1,,41,1,yes,1,no,-1,0.9465936100714925,-0.16759304470486114,,2017-03-16 16:24:20.000000,2017-03-16 16:26:03.000000
279,10,1,,58,2,yes,1,yes,-0.4037041558159723,-0.9643651623625202,-0.03425835503472217,,2017-03-16 15:25:32.000000,2017-03-16 16:26:25.000000
280,8,1,,40,4,yes,4,yes,0.8666666666666667,0.5488794051240125,-0.13055555555555562,,2017-03-16 16:27:09.000000,2017-03-16 16:26:32.000000
281,9,1,,51,1,yes,1,no,-0.4259263780381945,-0.6241041141618066,-0.634259033203125,,2017-03-16 16:25:32.000000,2017-03-16 16:26:35.000000
282,7,1,,18,4,yes,3,no,1,1,0.05611165364583335,,2017-03-16 16:24:37.000000,2017-03-16 16:26:47.000000
283,9,1,,78,4,yes,3,yes,1,0.9953688782252366,0.2546298556857639,,2017-03-16 16:26:04.000000,2017-03-16 16:27:05.000000
284,10,1,,63,4,yes,3,yes,0.7962958441840279,0.18535123692177558,-0.38981391059027787,,2017-03-16 15:25:56.000000,2017-03-16 16:27:07.000000
285,8,1,,76,3,no,4,yes,0.04444444444444449,-0.9551596320618567,0.42500000000000004,,2017-03-16 16:27:43.000000,2017-03-16 16:27:12.000000
286,7,1,,37,4,yes,2,yes,1,1,-0.27722167968749994,,2017-03-16 16:26:17.000000,2017-03-16 16:27:14.000000
287,9,1,,20,4,yes,2,yes,1,0.9953688782252366,0.18796386718750005,,2017-03-16 16:26:34.000000,2017-03-16 16:27:34.000000
288,7,1,,51,3,no,3,yes,0.03777804904513893,-0.9978963028824751,0.14500054253472222,,2017-03-16 16:26:43.000000,2017-03-16 16:27:46.000000
289,10,1,,22,3,yes,3,yes,0.7074069552951389,-0.31179177382696965,-0.14536946614583326,,2017-03-16 15:26:38.000000,2017-03-16 16:27:53.000000
290,8,1,,59,3,yes,4,yes,0.15555555555555559,-0.9087501520570657,0.49166666666666675,,2017-03-16 16:28:24.000000,2017-03-16 16:27:55.000000
291,9,1,,71,5,no,4,yes,0.81851806640625,0.3089891193568519,0.6546298556857639,,2017-03-16 16:27:02.000000,2017-03-16 16:28:04.000000
292,7,1,,8,2,yes,1,yes,-0.9844441731770833,0.9136066655788582,0.8561116536458334,,2017-03-16 16:27:17.000000,2017-03-16 16:28:14.000000
293,10,1,,44,2,yes,2,yes,-0.5370374891493056,-0.8538043109386029,-0.2564805772569444,,2017-03-16 15:27:24.000000,2017-03-16 16:28:17.000000
294,9,1,,58,1,yes,1,no,-0.9148152669270834,0.7362355221745918,-0.27870347764756936,,2017-03-16 16:27:33.000000,2017-03-16 16:28:26.000000
295,7,1,,42,2,yes,1,yes,-0.0066663953993055585,-0.9978963028824751,0.14500054253472222,,2017-03-16 16:27:44.000000,2017-03-16 16:28:36.000000
296,10,1,,5,2,yes,2,no,-0.49259304470486115,-0.9078565562602489,-0.38981391059027787,,2017-03-16 15:27:47.000000,2017-03-16 16:28:37.000000
297,8,1,,32,4,no,2,yes,0.8444444444444446,0.4439446777788574,0.22500000000000006,,2017-03-16 16:29:07.000000,2017-03-16 16:28:42.000000
298,9,1,,52,1,yes,1,no,-1,1,-0.3675923665364584,,2017-03-16 16:27:55.000000,2017-03-16 16:28:53.000000
299,10,1,,35,2,yes,2,yes,-0.4037041558159723,-0.9643651623625202,-0.3231472439236112,,2017-03-16 15:28:07.000000,2017-03-16 16:28:55.000000
300,7,1,,19,4,no,4,yes,1,1,0.03388943142361111,,2017-03-16 16:28:06.000000,2017-03-16 16:29:00.000000
301,10,1,,62,5,no,4,yes,0.8407402886284724,0.4254253406681505,0.45463053385416674,,2017-03-16 15:28:25.000000,2017-03-16 16:29:18.000000
302,8,1,,50,3,no,3,yes,0.06666666666666661,-0.9829057624523566,0.33611111111111114,,2017-03-16 16:29:53.000000,2017-03-16 16:29:27.000000
303,7,1,,30,3,no,3,yes,0.6155558268229168,-0.6834667055902519,0.32277832031250003,,2017-03-16 16:28:29.000000,2017-03-16 16:29:28.000000
304,9,1,,65,1,yes,1,no,-0.870370822482639,0.5652809135132555,-0.18981458875868065,,2017-03-16 16:28:21.000000,2017-03-16 16:29:36.000000
305,10,1,,21,5,no,4,yes,0.6629625108506944,-0.5166656367676037,0.3657416449652778,,2017-03-16 15:28:49.000000,2017-03-16 16:29:41.000000
306,9,1,,10,1,yes,1,no,-0.870370822482639,0.5652809135132555,0.47685139973958335,,2017-03-16 16:29:05.000000,2017-03-16 16:29:57.000000
307,8,1,,48,3,yes,4,yes,0.6666666666666666,-0.5013381404778048,0.3583333333333334,,2017-03-16 16:30:38.000000,2017-03-16 16:30:06.000000
308,7,1,,79,4,yes,4,yes,1,1,1,,2017-03-16 16:28:58.000000,2017-03-16 16:30:08.000000
309,10,0,,10004,4,no,4,yes,0.7074069552951389,-0.31179177382696965,0.2324083116319444,a110,2017-03-16 15:29:12.000000,2017-03-16 16:30:22.000000
310,8,1,,12,2,no,2,no,0,-0.9901034022080508,-0.2861111111111112,,2017-03-16 16:31:18.000000,2017-03-16 16:30:26.000000
311,9,0,,10002,1,yes,1,no,-0.8259263780381945,0.34874764911590095,-0.01203681098090268,a001,2017-03-16 16:29:25.000000,2017-03-16 16:30:34.000000
312,10,1,,73,2,yes,2,yes,-0.13703748914930558,-0.9980725714447027,0.05463053385416669,,2017-03-16 15:29:53.000000,2017-03-16 16:30:44.000000
313,7,0,,10002,2,yes,1,yes,-0.0066663953993055585,-0.9983521537200375,0.12277832031249997,a001,2017-03-16 16:29:38.000000,2017-03-16 16:30:54.000000
314,10,1,,15,2,yes,2,yes,-0.3148152669270834,-0.9864526824892917,-0.12314724392361115,,2017-03-16 15:30:15.000000,2017-03-16 16:31:02.000000
315,8,0,,10005,4,yes,4,yes,0.688888888888889,-0.40253883290642956,0.44722222222222224,a010,2017-03-16 16:31:37.000000,2017-03-16 16:31:16.000000
316,9,1,,18,4,no,3,yes,1,0.9953688782252366,0.4990749782986111,,2017-03-16 16:30:03.000000,2017-03-16 16:31:22.000000
317,10,1,,70,1,yes,1,yes,-0.4037041558159723,-0.9643651623625202,-0.03425835503472217,,2017-03-16 15:30:32.000000,2017-03-16 16:31:29.000000
318,9,1,,70,1,yes,1,no,-0.6925930447048613,-0.38496900247405397,0.03240763346354169,,2017-03-16 16:30:51.000000,2017-03-16 16:31:51.000000
319,10,1,,26,2,yes,2,yes,-0.5814819335937501,-0.771650528408632,-0.2564805772569444,,2017-03-16 15:31:00.000000,2017-03-16 16:31:54.000000
320,7,1,,58,3,yes,2,yes,-0.0066663953993055585,-0.9973145094468197,0.16722276475694445,,2017-03-16 16:30:24.000000,2017-03-16 16:32:03.000000
321,10,1,,52,1,yes,1,yes,-0.44814860026041664,-0.9013665679606073,0.4990749782986111,,2017-03-16 15:31:24.000000,2017-03-16 16:32:14.000000
322,8,1,,11,2,yes,1,no,-0.7333333333333335,-0.17400564782724315,-0.7305555555555556,,2017-03-16 16:32:28.000000,2017-03-16 16:32:20.000000
323,7,1,,26,2,yes,1,yes,-0.0066663953993055585,-0.9978963028824751,0.14500054253472222,,2017-03-16 16:31:32.000000,2017-03-16 16:32:24.000000
324,9,1,,3,3,no,2,yes,0.06296251085069438,-0.9908745383396368,-0.27870279947916676,,2017-03-16 16:31:20.000000,2017-03-16 16:32:35.000000
325,10,1,,7,4,no,3,no,-0.44814860026041664,-0.9425123313266166,-0.05648057725694453,,2017-03-16 15:31:45.000000,2017-03-16 16:32:42.000000
326,7,1,,33,2,yes,2,yes,-0.05111083984375005,-0.9978963028824751,0.14500054253472222,,2017-03-16 16:31:58.000000,2017-03-16 16:32:48.000000
327,9,1,,69,1,yes,1,no,-0.9592597113715279,0.8608837229124451,0.5212965223524306,,2017-03-16 16:32:04.000000,2017-03-16 16:32:54.000000
328,8,1,,66,2,no,2,yes,0,-0.9917546662452431,0.26944444444444443,,2017-03-16 16:33:31.000000,2017-03-16 16:32:57.000000
329,10,1,,64,4,yes,4,yes,-0.3592597113715278,-0.9780005324024306,0.05463053385416669,,2017-03-16 15:32:14.000000,2017-03-16 16:33:09.000000
330,7,1,,57,4,no,3,yes,0.6155558268229168,-0.6834667055902519,0.16722276475694445,,2017-03-16 16:32:17.000000,2017-03-16 16:33:10.000000
331,9,1,,79,5,no,4,yes,1,0.9953688782252366,0.5435194227430555,,2017-03-16 16:32:23.000000,2017-03-16 16:33:30.000000
332,7,1,,73,2,yes,1,yes,0.015555826822916565,-0.9983521537200375,0.12277832031249997,,2017-03-16 16:32:39.000000,2017-03-16 16:33:36.000000
333,10,1,,55,4,no,2,yes,-0.3592597113715278,-0.9780005324024306,0.03240831163194444,,2017-03-16 15:32:39.000000,2017-03-16 16:33:37.000000
334,8,1,,78,4,yes,3,yes,0.8666666666666667,0.5488794051240125,0.4694444444444445,,2017-03-16 16:34:08.000000,2017-03-16 16:33:40.000000
335,9,1,,19,4,yes,3,yes,0.9074069552951389,0.7110705394504215,0.16574096679687503,,2017-03-16 16:32:59.000000,2017-03-16 16:33:53.000000
336,8,1,,77,4,yes,3,yes,0.9333333333333333,0.7934895619680109,0.38055555555555554,,2017-03-16 16:34:52.000000,2017-03-16 16:33:53.000000
337,7,1,,36,2,yes,1,yes,-0.9844441731770833,0.9136066655788582,0.05611165364583335,,2017-03-16 16:33:06.000000,2017-03-16 16:34:00.000000
338,10,1,,78,4,no,2,yes,0.21851806640624996,-0.9883615956367554,-0.30092502170138885,,2017-03-16 15:33:08.000000,2017-03-16 16:34:00.000000
339,8,1,,79,4,yes,4,yes,0.9111111111111112,0.7238175102044266,0.42500000000000004,,2017-03-16 16:35:05.000000,2017-03-16 16:34:11.000000
340,10,1,,10,2,yes,2,yes,-0.4037041558159723,-0.9643651623625202,-0.23425903320312513,,2017-03-16 15:33:32.000000,2017-03-16 16:34:18.000000
341,9,1,,30,3,no,3,yes,-0.02592637803819448,-0.11724301526959235,0.743518744574653,,2017-03-16 16:33:22.000000,2017-03-16 16:34:22.000000
342,7,1,,5,2,no,4,no,-0.8066663953993056,0.5994366676297924,0.8783338758680556,,2017-03-16 16:33:29.000000,2017-03-16 16:34:26.000000
343,8,1,,47,2,yes,2,yes,0.2000000000000001,-0.9551596320618567,0.42500000000000004,,2017-03-16 16:35:22.000000,2017-03-16 16:34:29.000000
344,9,1,,40,3,no,2,yes,0.507406955295139,-0.8923845755080044,-0.03425835503472217,,2017-03-16 16:33:51.000000,2017-03-16 16:34:42.000000
345,10,0,,10002,2,no,2,yes,-0.07777777777777779,-0.9139378725841905,-0.48611111111111105,,2017-03-16 15:33:49.000000,2017-03-16 16:34:43.000000
346,8,1,,51,3,yes,3,yes,0.5111111111111113,-0.888147525117454,0.2027777777777778,,2017-03-16 16:35:40.000000,2017-03-16 16:34:46.000000
347,7,1,,52,4,no,4,yes,1,1,-0.01055501302083326,,2017-03-16 16:33:56.000000,2017-03-16 16:34:52.000000
348,9,1,,16,1,yes,1,no,-0.7370374891493057,-0.15350146699507694,-0.14537014431423614,,2017-03-16 16:34:11.000000,2017-03-16 16:35:03.000000
349,8,1,,30,2,yes,2,no,-0.5555555555555555,-0.823549793585745,-0.10833333333333324,,2017-03-16 16:35:57.000000,2017-03-16 16:35:04.000000
350,7,1,,41,2,yes,1,yes,-1,0.9876175013582935,1,,2017-03-16 16:34:22.000000,2017-03-16 16:35:19.000000
351,10,1,,45,1,no,2,yes,-0.3592597113715278,-0.9780005324024306,-0.3231472439236112,,2017-03-16 15:34:16.000000,2017-03-16 16:35:20.000000
352,8,1,,54,2,yes,2,no,0.04444444444444449,-0.9894828714581883,0.2916666666666667,,2017-03-16 16:36:16.000000,2017-03-16 16:35:28.000000
353,9,1,,56,2,yes,1,no,0.06296251085069438,0.2735403691863605,-0.8120368109809027,,2017-03-16 16:34:33.000000,2017-03-16 16:35:29.000000
354,7,1,,15,2,yes,1,yes,-0.0066663953993055585,-0.9989890568158002,0.0783338758680556,,2017-03-16 16:34:48.000000,2017-03-16 16:35:37.000000
355,8,1,,61,3,yes,3,yes,0.3777777777777778,-0.9730939016750291,0.18055555555555558,,2017-03-16 16:36:39.000000,2017-03-16 16:35:44.000000
356,10,1,,4,2,no,2,no,-0.27037082248263894,-0.9916705504013428,-0.16759168836805563,,2017-03-16 15:34:51.000000,2017-03-16 16:35:56.000000
357,9,0,,10001,5,no,4,yes,1,1,1,a111,2017-03-16 16:34:58.000000,2017-03-16 16:36:04.000000
358,7,0,,10005,5,no,5,yes,1,1,1,a010,2017-03-16 16:35:07.000000,2017-03-16 16:36:04.000000
359,8,0,,10004,4,yes,4,yes,0.8222222222222222,0.32897597368471687,0.6694444444444445,a110,2017-03-16 16:36:55.000000,2017-03-16 16:36:06.000000
360,7,1,,62,4,no,4,yes,0.9711113823784723,1,1,,2017-03-16 16:35:34.000000,2017-03-16 16:36:20.000000
361,8,1,,19,4,no,3,yes,0.9111111111111112,0.7238175102044266,0.5805555555555556,,2017-03-16 16:37:18.000000,2017-03-16 16:36:20.000000
362,9,1,,44,1,yes,1,no,-0.6925930447048613,-0.38496900247405397,-0.41203681098090283,,2017-03-16 16:35:33.000000,2017-03-16 16:36:25.000000
363,10,1,,31,4,no,2,yes,0.3962958441840277,-0.7567294071240129,0.5879638671874999,,2017-03-16 15:35:27.000000,2017-03-16 16:36:37.000000
364,8,1,,60,2,no,1,no,0.022222222222222122,-0.9991375174730054,-0.063888888888889,,2017-03-16 16:37:32.000000,2017-03-16 16:36:39.000000
365,9,1,,66,1,no,2,no,0.06296251085069438,-0.8756725937203103,0.5212958441840279,,2017-03-16 16:35:54.000000,2017-03-16 16:36:47.000000
366,7,1,,7,2,no,2,no,-1,1,0.12277832031249997,,2017-03-16 16:35:51.000000,2017-03-16 16:36:49.000000
367,8,1,,17,4,no,2,yes,0.8888888888888891,0.6423496619925195,0.33611111111111114,,2017-03-16 16:37:50.000000,2017-03-16 16:36:52.000000
368,7,1,,46,2,yes,1,yes,-0.0066663953993055585,-0.9944165100289604,0.23388943142361118,,2017-03-16 16:36:19.000000,2017-03-16 16:37:04.000000
369,8,1,,68,3,no,2,yes,0.2000000000000001,-0.9829057624523566,0.33611111111111114,,2017-03-16 16:38:04.000000,2017-03-16 16:37:07.000000
370,10,1,,43,2,yes,2,yes,-0.3592597113715278,-0.9780005324024306,-0.12314724392361115,,2017-03-16 15:36:08.000000,2017-03-16 16:37:07.000000
371,9,1,,72,4,no,4,yes,0.7740736219618057,0.05777502472102136,0.4324076334635417,,2017-03-16 16:36:16.000000,2017-03-16 16:37:11.000000
372,8,1,,31,2,no,3,no,-0.3777777777777778,-0.9730939016750291,-0.30833333333333335,,2017-03-16 16:38:18.000000,2017-03-16 16:37:19.000000
373,7,1,,13,2,yes,2,yes,-0.09555528428819442,-0.9978963028824751,0.14500054253472222,,2017-03-16 16:36:33.000000,2017-03-16 16:37:22.000000
374,10,1,,40,2,no,2,yes,-0.4037041558159723,-0.9643651623625202,-0.2564812554253473,,2017-03-16 15:36:38.000000,2017-03-16 16:37:31.000000
375,8,1,,24,4,yes,4,yes,0.8444444444444446,0.4439446777788574,0.3583333333333334,,2017-03-16 16:38:30.000000,2017-03-16 16:37:33.000000
376,7,1,,78,5,no,4,yes,1,1,1,,2017-03-16 16:36:52.000000,2017-03-16 16:37:37.000000
377,9,1,,22,3,no,2,no,-0.02592637803819448,-0.9993898887610848,0.03240763346354169,,2017-03-16 16:36:40.000000,2017-03-16 16:37:41.000000
378,8,1,,70,2,no,2,yes,0.15555555555555559,-0.9647203736704834,0.4027777777777778,,2017-03-16 16:38:44.000000,2017-03-16 16:37:48.000000
379,10,1,,56,2,no,2,yes,-0.49259304470486115,-0.9078565562602489,-0.27870279947916676,,2017-03-16 15:37:01.000000,2017-03-16 16:37:53.000000
380,7,1,,38,5,no,4,yes,1,0.9641310119433,0.9672227647569446,,2017-03-16 16:37:07.000000,2017-03-16 16:37:55.000000
381,9,1,,35,1,yes,1,no,-0.5592597113715277,-0.8168517004165237,-0.14537014431423614,,2017-03-16 16:37:09.000000,2017-03-16 16:38:01.000000
382,8,1,,27,2,no,2,yes,0.08888888888888898,-0.8551842916662291,0.5361111111111111,,2017-03-16 16:38:59.000000,2017-03-16 16:38:04.000000
383,10,1,,80,4,no,4,yes,0.35185139973958346,-0.9617795117652164,0.41018608940972223,,2017-03-16 15:37:24.000000,2017-03-16 16:38:09.000000
384,7,1,,67,2,yes,1,yes,-0.07333306206597218,-0.9973145094468197,0.16722276475694445,,2017-03-16 16:37:25.000000,2017-03-16 16:38:10.000000
385,8,1,,71,4,yes,4,yes,0.8222222222222222,0.32897597368471687,0.33611111111111114,,2017-03-16 16:39:15.000000,2017-03-16 16:38:19.000000
386,10,1,,33,2,no,2,yes,0.011111111111111184,-0.9986224379360901,0.10647989908854162,,2017-03-16 15:37:39.000000,2017-03-16 16:38:27.000000
388,7,1,,24,4,yes,4,yes,1,0.9641310119433,0.5005560980902778,,2017-03-16 16:37:40.000000,2017-03-16 16:38:31.000000
389,9,1,,32,4,no,4,yes,0.6851847330729167,-0.41980284760373177,0.07685207790798618,,2017-03-16 16:37:32.000000,2017-03-16 16:38:33.000000
390,8,1,,29,3,yes,4,yes,0.7333333333333335,-0.17400564782724315,0.2916666666666667,,2017-03-16 16:39:31.000000,2017-03-16 16:38:39.000000
391,7,1,,6,2,no,2,no,-0.8955552842881945,0.66805254220406,0.7450005425347224,,2017-03-16 16:38:01.000000,2017-03-16 16:38:51.000000
392,10,1,,9,3,no,2,yes,0.09999999999999992,-0.9892674366374147,-0.29351942274305565,,2017-03-16 15:37:57.000000,2017-03-16 16:38:53.000000
393,8,1,,63,4,no,4,yes,0.8666666666666667,0.5488794051240125,0.2916666666666667,,2017-03-16 16:39:50.000000,2017-03-16 16:39:01.000000
394,9,1,,55,3,no,4,yes,0.5518513997395833,-0.830024646182551,0.29907430013020836,,2017-03-16 16:38:02.000000,2017-03-16 16:39:01.000000
395,10,1,,46,2,no,2,yes,-0.24074028862847222,-0.9939807337554087,-0.1601874457465277,,2017-03-16 15:38:24.000000,2017-03-16 16:39:11.000000
396,7,1,,20,4,no,4,no,1,1,1,,2017-03-16 16:38:21.000000,2017-03-16 16:39:12.000000
397,8,1,,64,4,yes,4,yes,0.8888888888888891,0.6423496619925195,0.6916666666666668,,2017-03-16 16:40:12.000000,2017-03-16 16:39:12.000000
398,9,1,,42,1,yes,1,no,-0.33703748914930554,-0.8994351595568139,-0.5009256998697919,,2017-03-16 16:38:30.000000,2017-03-16 16:39:24.000000
399,10,1,,18,2,no,2,yes,-0.10740695529513887,-0.9986083275697581,-0.08611111111111112,,2017-03-16 15:38:42.000000,2017-03-16 16:39:32.000000
400,7,1,,29,5,no,5,yes,0.8822224934895835,0.6155615236377665,0.8338894314236112,,2017-03-16 16:38:41.000000,2017-03-16 16:39:33.000000
401,8,1,,41,2,no,2,yes,0.08888888888888898,-0.9722701052067964,0.38055555555555554,,2017-03-16 16:40:24.000000,2017-03-16 16:39:35.000000
402,10,1,,37,4,yes,1,yes,0.48518473307291665,-0.8934202520617316,0.5064805772569445,,2017-03-16 15:39:03.000000,2017-03-16 16:39:45.000000
403,7,1,,56,2,yes,1,yes,-0.8066663953993056,0.5004016870909724,0.8561116536458334,,2017-03-16 16:39:03.000000,2017-03-16 16:39:46.000000
404,8,1,,34,2,no,1,yes,0.1111111111111111,-0.9782212590204664,0.3583333333333334,,2017-03-16 16:40:47.000000,2017-03-16 16:39:50.000000
405,9,1,,1,4,no,4,yes,0.5962958441840278,-0.7363114947248637,-0.18981458875868065,,2017-03-16 16:38:53.000000,2017-03-16 16:39:50.000000
406,7,1,,48,2,yes,1,yes,-0.07333306206597218,-0.9973145094468197,0.16722276475694445,,2017-03-16 16:39:15.000000,2017-03-16 16:40:00.000000
407,8,1,,7,2,no,2,no,-0.2888888888888889,-0.9897978305762707,-0.04166666666666663,,2017-03-16 16:41:01.000000,2017-03-16 16:40:02.000000
408,10,1,,50,1,yes,2,yes,-0.09259304470486109,-0.9988174739754362,-0.08611111111111112,,2017-03-16 15:39:21.000000,2017-03-16 16:40:09.000000
409,7,1,,70,2,yes,1,yes,0.08222249348958342,-0.9973145094468197,0.16722276475694445,,2017-03-16 16:39:30.000000,2017-03-16 16:40:10.000000
410,9,1,,54,3,no,3,yes,0.41851806640625006,-0.958184040628942,-0.14536946614583326,,2017-03-16 16:39:19.000000,2017-03-16 16:40:11.000000
411,8,1,,65,3,no,2,yes,0.06666666666666661,-0.9647203736704834,0.4027777777777778,,2017-03-16 16:41:13.000000,2017-03-16 16:40:22.000000
412,9,1,,75,4,yes,3,yes,0.9074069552951389,0.7110705394504215,0.12129652235243055,,2017-03-16 16:39:40.000000,2017-03-16 16:40:29.000000
413,7,1,,9,3,no,4,yes,0.9044447157118056,0.7006384504560137,0.21166720920138896,,2017-03-16 16:39:40.000000,2017-03-16 16:40:30.000000
414,10,1,,17,3,yes,2,yes,0.20370415581597232,-0.8551842916662291,0.5361111111111111,,2017-03-16 15:39:39.000000,2017-03-16 16:40:40.000000
415,8,1,,56,2,yes,2,yes,0.1111111111111111,-0.884867328171649,0.5138888888888888,,2017-03-16 16:41:33.000000,2017-03-16 16:40:42.000000
416,7,1,,17,5,no,4,no,1,1,0.7450005425347224,,2017-03-16 16:40:00.000000,2017-03-16 16:40:49.000000
417,9,1,,39,4,no,4,no,0.9518513997395834,0.8430657455262254,-0.01203681098090268,,2017-03-16 16:39:58.000000,2017-03-16 16:40:52.000000
418,8,1,,28,2,no,2,yes,0.04444444444444449,-0.9722701052067964,0.38055555555555554,,2017-03-16 16:41:53.000000,2017-03-16 16:40:55.000000
419,10,1,,68,2,yes,1,yes,0.011111111111111184,-0.9990053862391595,0.07685275607638893,,2017-03-16 15:40:11.000000,2017-03-16 16:41:01.000000
420,7,1,,25,2,yes,2,yes,-0.0066663953993055585,-0.9973145094468197,0.16722276475694445,,2017-03-16 16:40:19.000000,2017-03-16 16:41:06.000000
421,9,1,,68,1,yes,2,no,-0.4703708224826389,-0.9271455934893568,-0.2564805772569444,,2017-03-16 16:40:21.000000,2017-03-16 16:41:24.000000
422,7,1,,55,2,yes,1,yes,-0.0066663953993055585,-0.9978963028824751,0.14500054253472222,,2017-03-16 16:40:35.000000,2017-03-16 16:41:24.000000
423,8,1,,45,3,no,3,yes,0.3333333333333333,-0.9551596320618567,0.42500000000000004,,2017-03-16 16:42:07.000000,2017-03-16 16:41:26.000000
424,10,1,,51,2,yes,2,yes,-0.018518066406250012,-0.9992049774187309,-0.05648193359375005,,2017-03-16 15:40:31.000000,2017-03-16 16:41:53.000000
425,8,1,,43,4,yes,4,yes,0.4222222222222223,-0.9430793674021183,0.44722222222222224,,2017-03-16 16:42:37.000000,2017-03-16 16:42:01.000000
426,9,1,,38,4,no,4,yes,0.81851806640625,0.3089891193568519,0.2101854112413194,,2017-03-16 16:40:53.000000,2017-03-16 16:42:03.000000
427,10,1,,16,1,yes,1,yes,-0.4629625108506944,-0.9326643171225032,-0.11574300130208322,,2017-03-16 15:41:24.000000,2017-03-16 16:42:08.000000
428,7,1,,60,2,no,4,yes,0.9711113823784723,0.8871480614032334,-0.21055501302083335,,2017-03-16 16:40:54.000000,2017-03-16 16:42:08.000000
429,10,1,,13,1,yes,1,yes,-0.2851847330729167,-0.9902032699426727,-0.14537082248263877,,2017-03-16 15:41:37.000000,2017-03-16 16:42:19.000000
430,8,0,,10001,4,yes,4,yes,0.8888888888888891,0.6423496619925195,0.5583333333333333,a111,2017-03-16 16:43:12.000000,2017-03-16 16:42:20.000000
431,10,1,,57,4,no,3,yes,0.36666666666666664,-0.9761542530173628,0.13611111111111107,,2017-03-16 15:41:48.000000,2017-03-16 16:42:32.000000
432,8,1,,22,3,no,2,yes,0.3555555555555557,-0.9722701052067964,0.38055555555555554,,2017-03-16 16:43:31.000000,2017-03-16 16:42:34.000000
433,10,1,,54,4,yes,4,yes,0.36666666666666664,-0.9761542530173628,0.22500000000000006,,2017-03-16 15:42:02.000000,2017-03-16 16:42:46.000000
434,9,1,,14,1,yes,1,no,-0.33703748914930554,-0.9827321185912581,-0.10092569986979166,,2017-03-16 16:41:32.000000,2017-03-16 16:42:47.000000
435,8,1,,18,3,no,2,yes,0.13333333333333322,-0.9551596320618567,0.42500000000000004,,2017-03-16 16:43:45.000000,2017-03-16 16:42:50.000000
436,10,0,,10001,4,yes,4,yes,0.4407402886284722,-0.9468975166705602,0.22499864366319441,a111,2017-03-16 15:42:16.000000,2017-03-16 16:43:02.000000
437,8,1,,36,2,no,2,yes,0.022222222222222122,-0.884867328171649,0.5138888888888888,,2017-03-16 16:44:01.000000,2017-03-16 16:43:03.000000
438,7,1,,21,5,no,4,yes,0.9933336046006946,0.9295608930645847,0.5672227647569446,,2017-03-16 16:41:38.000000,2017-03-16 16:43:16.000000
439,8,1,,62,3,no,3,yes,0.3999999999999999,-0.9657647513199741,0.3583333333333334,,2017-03-16 16:44:15.000000,2017-03-16 16:43:16.000000
440,9,1,,80,5,no,4,yes,0.5518513997395833,-0.830024646182551,-0.14537014431423614,,2017-03-16 16:42:16.000000,2017-03-16 16:43:16.000000
441,10,1,,67,4,yes,4,yes,0.4259263780381945,-0.8934217614868799,0.5064792209201389,,2017-03-16 15:42:32.000000,2017-03-16 16:43:17.000000
442,10,1,,8,1,yes,2,no,-0.25555555555555565,-0.9929189224297311,-0.14537082248263877,,2017-03-16 15:42:47.000000,2017-03-16 16:43:32.000000
443,8,1,,58,2,no,2,yes,0.17777777777777773,-0.9829057624523566,0.33611111111111114,,2017-03-16 16:44:28.000000,2017-03-16 16:43:39.000000
444,7,0,,10001,5,no,4,yes,0.9711113823784723,0.8871480614032334,0.8338894314236112,a111,2017-03-16 16:42:46.000000,2017-03-16 16:43:40.000000
445,10,1,,23,2,yes,4,yes,-0.25555555555555565,-0.9929189224297311,-0.041668023003472145,,2017-03-16 15:43:03.000000,2017-03-16 16:43:46.000000
446,8,1,,2,2,no,2,no,-0.17777777777777784,-0.9969843628651698,0.002777777777777735,,2017-03-16 16:44:50.000000,2017-03-16 16:43:56.000000
447,7,1,,23,2,yes,2,yes,-0.07333306206597218,-0.9811655181855351,0.3450005425347223,,2017-03-16 16:43:10.000000,2017-03-16 16:44:05.000000
448,8,1,,57,2,no,2,no,-0.1111111111111111,-0.9782212590204664,0.3583333333333334,,2017-03-16 16:45:07.000000,2017-03-16 16:44:10.000000
449,10,1,,77,5,no,4,yes,0.35185139973958346,-0.19938650273290648,0.7287027994791667,,2017-03-16 15:43:16.000000,2017-03-16 16:44:14.000000
450,7,1,,64,5,yes,5,yes,0.9711113823784723,0.8871480614032334,0.8338894314236112,,2017-03-16 16:43:35.000000,2017-03-16 16:44:17.000000
451,8,1,,38,3,no,4,yes,0.4444444444444444,-0.9278588476306058,0.4694444444444445,,2017-03-16 16:45:21.000000,2017-03-16 16:44:21.000000
452,9,1,,73,1,yes,2,yes,-0.7370374891493057,-0.15350146699507694,0.16574096679687503,,2017-03-16 16:42:46.000000,2017-03-16 16:44:29.000000
453,7,1,,68,2,yes,1,yes,-0.0066663953993055585,-0.9973145094468197,0.16722276475694445,,2017-03-16 16:43:47.000000,2017-03-16 16:44:30.000000
454,8,1,,55,2,no,2,no,-0.08888888888888886,-0.9430793674021183,0.44722222222222224,,2017-03-16 16:45:32.000000,2017-03-16 16:44:33.000000
455,7,1,,40,4,yes,4,yes,0.9044447157118056,0.7006384504560137,0.16722276475694445,,2017-03-16 16:44:00.000000,2017-03-16 16:44:43.000000
456,8,1,,13,2,no,2,yes,0.15555555555555559,-0.9278588476306058,0.4694444444444445,,2017-03-16 16:45:45.000000,2017-03-16 16:44:43.000000
457,9,1,,43,1,yes,2,no,-0.38148193359375004,-0.9719898768140137,0.03240763346354169,,2017-03-16 16:43:58.000000,2017-03-16 16:44:50.000000
458,10,1,,41,2,no,2,yes,-0.07777777777777779,-0.9989952190097368,-0.026852756076388973,,2017-03-16 15:43:45.000000,2017-03-16 16:44:51.000000
459,7,1,,66,2,no,2,yes,0.7933336046006946,0.16849465446185907,-0.032777235243055626,,2017-03-16 16:44:12.000000,2017-03-16 16:44:56.000000
460,8,1,,1,2,yes,2,no,0,-0.9647203736704834,0.4027777777777778,,2017-03-16 16:45:55.000000,2017-03-16 16:45:02.000000
461,10,1,,20,4,no,4,yes,0.05555555555555567,-0.9333262824800195,0.4620347764756945,,2017-03-16 15:44:22.000000,2017-03-16 16:45:03.000000
462,7,1,,75,4,yes,4,yes,1,1,0.4116672092013889,,2017-03-16 16:44:26.000000,2017-03-16 16:45:08.000000
463,9,1,,64,5,no,4,yes,0.9074069552951389,0.7110705394504215,0.8768520779079861,,2017-03-16 16:44:20.000000,2017-03-16 16:45:13.000000
464,8,1,,46,3,no,3,yes,0.17777777777777773,-0.9829057624523566,0.33611111111111114,,2017-03-16 16:46:14.000000,2017-03-16 16:45:15.000000
465,9,1,,12,1,no,2,no,-0.7814819335937501,0.10051912994531675,-0.18981458875868065,,2017-03-16 16:44:42.000000,2017-03-16 16:45:33.000000
466,10,1,,25,2,yes,1,yes,-0.6407402886284722,-0.6015964770484481,-0.5750013563368055,,2017-03-16 15:44:33.000000,2017-03-16 16:45:33.000000
467,8,1,,10,2,no,2,no,0.04444444444444449,-0.8185480928880686,0.5583333333333333,,2017-03-16 16:46:26.000000,2017-03-16 16:45:35.000000
468,8,1,,26,3,no,2,yes,0.06666666666666661,-0.9551596320618567,0.42500000000000004,,2017-03-16 16:46:46.000000,2017-03-16 16:45:47.000000
469,10,1,,11,1,yes,2,yes,-0.3296291775173612,-0.9840732433904479,-0.26388888888888884,,2017-03-16 15:45:05.000000,2017-03-16 16:45:56.000000
470,8,1,,39,3,no,4,yes,0.3777777777777778,-0.9430793674021183,0.44722222222222224,,2017-03-16 16:46:59.000000,2017-03-16 16:45:58.000000
471,9,0,,10004,5,no,4,yes,0.9518513997395834,0.8430657455262254,0.03240763346354169,a110,2017-03-16 16:45:02.000000,2017-03-16 16:46:01.000000
472,8,1,,5,1,no,1,no,-0.4666666666666667,-0.3070688440196164,-0.7083333333333335,,2017-03-16 16:47:09.000000,2017-03-16 16:46:16.000000
473,9,1,,5,1,no,4,no,-0.9148152669270834,0.7362355221745918,0.23240695529513888,,2017-03-16 16:45:30.000000,2017-03-16 16:46:21.000000
474,8,1,,42,2,no,2,yes,0.08888888888888898,-0.9829057624523566,0.33611111111111114,,2017-03-16 16:47:28.000000,2017-03-16 16:46:26.000000
475,10,1,,48,2,yes,2,no,-0.25555555555555565,-0.9667782220419465,-0.39722357855902785,,2017-03-16 15:45:27.000000,2017-03-16 16:46:27.000000
476,7,1,,4,4,no,4,no,0.9711113823784723,0.8871480614032334,0.5227783203125,,2017-03-16 16:45:37.000000,2017-03-16 16:46:32.000000
477,8,1,,67,3,no,2,yes,0.06666666666666661,-0.9430793674021183,0.44722222222222224,,2017-03-16 16:47:37.000000,2017-03-16 16:46:36.000000
478,9,1,,28,2,yes,2,no,-0.33703748914930554,-0.9827321185912581,-0.27870347764756936,,2017-03-16 16:45:50.000000,2017-03-16 16:46:40.000000
480,10,1,,72,4,yes,2,yes,-0.4037041558159723,-0.9139372568821749,-0.48611178927951393,,2017-03-16 15:45:57.000000,2017-03-16 16:46:48.000000
481,8,1,,25,1,no,1,yes,0.04444444444444449,-0.9430793674021183,0.44722222222222224,,2017-03-16 16:47:47.000000,2017-03-16 16:46:52.000000
482,7,1,,16,2,yes,1,yes,0.03777804904513893,-0.9852212290304603,0.32277832031250003,,2017-03-16 16:46:08.000000,2017-03-16 16:46:56.000000
483,7,1,,1,4,no,4,no,0.9711113823784723,0.8871480614032334,0.3005560980902778,,2017-03-16 16:46:26.000000,2017-03-16 16:47:12.000000
484,8,1,,72,4,yes,4,yes,0.8888888888888891,0.6423496619925195,0.6027777777777779,,2017-03-16 16:48:04.000000,2017-03-16 16:47:19.000000
485,10,1,,3,4,no,4,yes,0.4111111111111111,-0.9613958095293081,0.26944376627604166,,2017-03-16 15:46:18.000000,2017-03-16 16:47:20.000000
486,9,1,,57,1,yes,2,no,-0.7370374891493057,-0.15350146699507694,-0.18981458875868065,,2017-03-16 16:46:09.000000,2017-03-16 16:47:21.000000
487,7,1,,72,5,no,4,yes,1,1,0.8561116536458334,,2017-03-16 16:46:42.000000,2017-03-16 16:47:26.000000
488,10,1,,24,4,yes,4,yes,0.35185139973958346,-0.7737191803852943,0.58055419921875,,2017-03-16 15:46:51.000000,2017-03-16 16:47:34.000000
489,8,0,,10002,3,no,3,yes,0.1111111111111111,-0.9722701052067964,0.38055555555555554,a001,2017-03-16 16:48:30.000000,2017-03-16 16:47:37.000000
490,7,1,,31,5,no,5,yes,0.9933336046006946,0.9295608930645847,0.8783338758680556,,2017-03-16 16:47:00.000000,2017-03-16 16:47:42.000000
491,10,1,,42,2,yes,2,yes,-0.38888888888888884,-0.9696465285865883,-0.16018676757812508,,2017-03-16 15:47:04.000000,2017-03-16 16:47:45.000000
492,8,1,,20,3,no,2,yes,0.5777777777777778,-0.7798118266519196,0.5138888888888888,,2017-03-16 16:48:48.000000,2017-03-16 16:47:50.000000
493,9,1,,53,1,yes,1,no,-0.9592597113715279,0.8608837229124451,-0.10092569986979166,,2017-03-16 16:46:50.000000,2017-03-16 16:47:51.000000
494,8,1,,23,3,no,3,yes,0.17777777777777773,-0.9278588476306058,0.4694444444444445,,2017-03-16 16:49:01.000000,2017-03-16 16:48:03.000000
495,10,1,,38,3,yes,4,yes,0.1444444444444444,-0.9977547920525297,0.15092502170138886,,2017-03-16 15:47:14.000000,2017-03-16 16:48:05.000000
496,8,1,,69,3,no,4,yes,0.2888888888888888,-0.9430793674021183,0.44722222222222224,,2017-03-16 16:49:14.000000,2017-03-16 16:48:28.000000
497,9,1,,15,1,no,1,no,-1,1,0.2101854112413194,,2017-03-16 16:47:21.000000,2017-03-16 16:48:29.000000
498,10,1,,59,2,no,2,yes,-0.22592637803819443,-0.9794995759626787,-0.3527784559461807,,2017-03-16 15:47:36.000000,2017-03-16 16:48:33.000000
499,7,1,,50,2,no,1,yes,0.8822224934895835,0.6155615236377665,-0.032777235243055626,,2017-03-16 16:47:18.000000,2017-03-16 16:48:44.000000
500,9,1,,6,1,yes,2,no,-0.6925930447048613,-0.38496900247405397,-0.38981391059027787,,2017-03-16 16:47:59.000000,2017-03-16 16:48:49.000000
501,10,1,,39,4,yes,2,yes,0.17407362196180548,-0.9956954491609845,0.21018473307291666,,2017-03-16 15:48:04.000000,2017-03-16 16:48:52.000000
502,8,1,,44,3,no,3,yes,0.15555555555555559,-0.8551842916662291,0.5361111111111111,,2017-03-16 16:49:40.000000,2017-03-16 16:48:53.000000
503,10,1,,74,4,no,2,yes,0.2777777777777779,-0.969949419162298,0.3879638671875,,2017-03-16 15:48:23.000000,2017-03-16 16:49:04.000000
504,7,1,,59,1,yes,1,yes,-0.8955552842881945,0.66805254220406,0.47833387586805565,,2017-03-16 16:48:16.000000,2017-03-16 16:49:08.000000
505,8,1,,3,2,no,2,yes,0.06666666666666661,-0.9278588476306058,0.4694444444444445,,2017-03-16 16:50:05.000000,2017-03-16 16:49:09.000000
506,9,1,,26,1,yes,1,no,-0.6481486002604168,-0.5746222833725778,-0.27870415581597224,,2017-03-16 16:48:18.000000,2017-03-16 16:49:13.000000
507,10,1,,19,4,yes,2,yes,0.4111111111111111,-0.9613958095293081,0.2990749782986111,,2017-03-16 15:48:34.000000,2017-03-16 16:49:20.000000
508,8,1,,74,4,no,4,yes,0.8444444444444446,0.4439446777788574,0.6472222222222224,,2017-03-16 16:50:21.000000,2017-03-16 16:49:24.000000
509,9,1,,62,4,no,4,yes,0.81851806640625,0.3089891193568519,0.743518744574653,,2017-03-16 16:48:41.000000,2017-03-16 16:49:30.000000
510,8,1,,15,3,no,2,yes,0.08888888888888898,-0.6545154279172174,0.625,,2017-03-16 16:50:36.000000,2017-03-16 16:49:37.000000
511,7,1,,74,3,yes,4,yes,1,1,-0.032777235243055626,,2017-03-16 16:48:54.000000,2017-03-16 16:49:40.000000
512,10,1,,28,4,no,2,yes,-0.18148193359375006,-0.9959500459136571,-0.20463121202256956,,2017-03-16 15:48:50.000000,2017-03-16 16:49:44.000000
513,8,1,,14,2,no,2,yes,0.06666666666666661,-0.7737161681026151,0.5805555555555556,,2017-03-16 16:50:49.000000,2017-03-16 16:49:48.000000
514,9,1,,59,1,yes,1,no,-1,1,0.7879631890190972,,2017-03-16 16:48:59.000000,2017-03-16 16:49:49.000000
515,7,1,,65,2,yes,1,yes,0.08222249348958342,-0.9978963028824751,0.14500054253472222,,2017-03-16 16:49:12.000000,2017-03-16 16:49:58.000000
516,10,1,,61,4,yes,4,yes,0.470370822482639,-0.6990217900736323,0.6101854112413194,,2017-03-16 15:49:15.000000,2017-03-16 16:50:00.000000
517,8,1,,9,2,yes,2,no,-0.3333333333333333,-0.9834161246344204,0.09166666666666672,,2017-03-16 16:50:59.000000,2017-03-16 16:50:02.000000
518,9,1,,33,2,yes,2,no,-0.7370374891493057,-0.15350146699507694,0.16574096679687503,,2017-03-16 16:49:18.000000,2017-03-16 16:50:06.000000
519,8,1,,33,2,no,2,no,0.08888888888888898,-0.9551596320618567,0.42500000000000004,,2017-03-16 16:51:14.000000,2017-03-16 16:50:16.000000
520,10,0,,10003,1,no,2,yes,-0.3,-0.9884787723111541,-0.11574300130208322,a100,2017-03-16 15:49:29.000000,2017-03-16 16:50:18.000000
521,9,1,,8,2,yes,2,no,-0.870370822482639,0.5652809135132555,0.16574096679687503,,2017-03-16 16:49:34.000000,2017-03-16 16:50:22.000000
522,7,1,,35,2,yes,1,yes,-0.0066663953993055585,-0.9973145094468197,0.16722276475694445,,2017-03-16 16:49:29.000000,2017-03-16 16:50:25.000000
523,10,1,,76,2,yes,2,yes,0.07037082248263885,-0.9987040222114135,-0.10092637803819454,,2017-03-16 15:49:48.000000,2017-03-16 16:50:31.000000
524,9,1,,77,5,no,4,yes,0.6407402886284722,0.13778204339662925,0.7879631890190972,,2017-03-16 16:49:51.000000,2017-03-16 16:50:36.000000
525,8,0,,10003,2,no,2,yes,0.1111111111111111,-0.7737161681026151,0.5805555555555556,a001,2017-03-16 16:51:28.000000,2017-03-16 16:50:48.000000
526,7,1,,43,2,no,1,yes,-0.8733330620659723,0.5781638509661036,0.6116672092013888,,2017-03-16 16:49:54.000000,2017-03-16 16:50:48.000000
527,9,1,,48,2,yes,2,no,-0.15925971137152783,0.8265514643070064,-0.9453701443142363,,2017-03-16 16:50:05.000000,2017-03-16 16:50:48.000000
528,10,1,,29,4,no,4,yes,0.38148193359375004,-0.9719898768140137,0.13611111111111107,,2017-03-16 15:50:01.000000,2017-03-16 16:50:52.000000
529,10,1,,69,2,yes,1,yes,-0.3296291775173612,-0.9667784659499892,-0.39722290039062497,,2017-03-16 15:50:22.000000,2017-03-16 16:51:04.000000
530,7,1,,63,5,no,5,yes,0.8822224934895835,0.6155615236377665,0.8561116536458334,,2017-03-16 16:50:18.000000,2017-03-16 16:51:05.000000
531,9,1,,63,4,no,3,yes,0.2851847330729166,-0.9851614472856185,-0.3231479220920139,,2017-03-16 16:50:18.000000,2017-03-16 16:51:05.000000
532,8,1,,35,3,no,2,yes,0.1111111111111111,-0.8185480928880686,0.5583333333333333,,2017-03-16 16:51:59.000000,2017-03-16 16:51:06.000000
533,10,1,,12,2,yes,1,no,-0.3592597113715278,-0.7144324039562238,-0.6046318901909724,,2017-03-16 15:50:33.000000,2017-03-16 16:51:17.000000
534,7,1,,45,2,no,1,yes,0.9711113823784723,0.8871480614032334,0.14500054253472222,,2017-03-16 16:50:34.000000,2017-03-16 16:51:18.000000
535,8,1,,73,2,no,2,yes,0.06666666666666661,-0.9430793674021183,0.44722222222222224,,2017-03-16 16:52:18.000000,2017-03-16 16:51:23.000000
536,9,1,,74,2,no,2,yes,0.01851806640624989,-0.9908744705606041,-0.27870347764756936,,2017-03-16 16:50:34.000000,2017-03-16 16:51:27.000000
537,10,1,,75,4,yes,2,yes,0.32222222222222235,-0.9647203736704834,0.4027777777777778,,2017-03-16 15:50:47.000000,2017-03-16 16:51:28.000000
538,7,1,,28,2,no,1,yes,-0.9844441731770833,0.9136066655788582,0.7005560980902779,,2017-03-16 16:50:48.000000,2017-03-16 16:51:33.000000
539,8,1,,4,1,no,1,no,-0.5333333333333334,-0.8592502067470444,-0.08611111111111112,,2017-03-16 16:52:35.000000,2017-03-16 16:51:37.000000
540,10,1,,49,2,no,4,yes,-0.16666666666666666,-0.9943937824893728,-0.23425971137152776,,2017-03-16 15:50:58.000000,2017-03-16 16:51:40.000000
541,9,1,,17,5,no,4,yes,0.6851847330729167,0.5931930769057043,0.8768513997395834,,2017-03-16 16:50:56.000000,2017-03-16 16:51:42.000000
542,8,1,,53,2,no,2,yes,0.022222222222222122,-0.7737161681026151,0.5805555555555556,,2017-03-16 16:52:49.000000,2017-03-16 16:51:50.000000
543,10,1,,71,5,no,4,yes,0.6333333333333333,-0.6272363443046449,0.6101854112413194,,2017-03-16 15:51:09.000000,2017-03-16 16:51:56.000000
544,7,0,,10003,1,no,2,yes,-0.8955552842881945,0.66805254220406,0.6116672092013888,a101,2017-03-16 16:51:03.000000,2017-03-16 16:52:02.000000
545,9,1,,49,1,yes,2,no,0.3296291775173611,-0.9840732433904479,0.0768513997395833,,2017-03-16 16:51:11.000000,2017-03-16 16:52:03.000000
546,8,1,,80,4,no,4,yes,0.7333333333333335,-0.17400564782724315,0.6027777777777779,,2017-03-16 16:53:01.000000,2017-03-16 16:52:03.000000
547,8,1,,52,2,no,2,yes,0.022222222222222122,-0.9278588476306058,0.4694444444444445,,2017-03-16 16:53:14.000000,2017-03-16 16:52:17.000000
548,9,1,,13,1,yes,1,no,-0.5592597113715277,-0.8168517004165237,-0.01203681098090268,,2017-03-16 16:51:32.000000,2017-03-16 16:52:18.000000
549,10,1,,14,2,yes,2,yes,-0.3,-0.9825564675326717,-0.3379652235243057,,2017-03-16 15:51:27.000000,2017-03-16 16:52:18.000000
550,7,1,,47,2,no,2,yes,-0.09555528428819442,-0.9973145094468197,0.16722276475694445,,2017-03-16 16:51:32.000000,2017-03-16 16:52:23.000000
551,8,1,,16,2,no,2,yes,0.04444444444444449,-0.9278588476306058,0.4694444444444445,,2017-03-16 16:53:29.000000,2017-03-16 16:52:28.000000
552,10,1,,32,4,no,4,yes,0.5000000000000001,-0.8756717211624832,0.5212965223524306,,2017-03-16 15:51:49.000000,2017-03-16 16:52:35.000000
553,7,1,,22,2,no,1,yes,-0.8955552842881945,0.66805254220406,0.6783338758680556,,2017-03-16 16:51:53.000000,2017-03-16 16:52:36.000000
554,8,1,,21,4,no,4,yes,0.5555555555555555,-0.823549793585745,0.5138888888888888,,2017-03-16 16:53:40.000000,2017-03-16 16:52:40.000000
555,9,1,,50,1,yes,1,no,-0.4703708224826389,-0.8408344470020945,-0.545370144314236,,2017-03-16 16:51:47.000000,2017-03-16 16:52:48.000000
556,10,1,,27,2,no,2,yes,-0.0037041558159722323,-0.9922416544442326,-0.26388888888888884,,2017-03-16 15:52:05.000000,2017-03-16 16:52:49.000000
557,8,1,,37,4,no,3,yes,0.8,0.20632928530448424,0.49166666666666675,,2017-03-16 16:53:51.000000,2017-03-16 16:52:51.000000
558,7,1,,76,2,no,2,yes,-1,1,0.9672227647569446,,2017-03-16 16:52:05.000000,2017-03-16 16:52:52.000000
559,7,1,,34,1,no,1,yes,-0.9622219509548612,0.958592989594794,1,,2017-03-16 16:52:21.000000,2017-03-16 16:53:10.000000
560,9,0,,10003,1,yes,2,no,-0.6037041558159723,-0.7169410112022474,-0.01203681098090268,a100,2017-03-16 16:52:17.000000,2017-03-16 16:53:17.000000
561,7,1,,11,1,no,2,no,-0.8955552842881945,0.66805254220406,0.8338894314236112,,2017-03-16 16:52:40.000000,2017-03-16 16:53:28.000000
562,10,0,,10005,4,no,4,yes,0.4259263780381945,-0.9547102703719288,-0.20463053385416669,a010,2017-03-16 15:52:19.000000,2017-03-16 16:53:29.000000
563,9,1,,45,1,yes,1,no,-0.6037041558159723,-0.7169410112022474,-0.23425903320312513,,2017-03-16 16:52:46.000000,2017-03-16 16:53:34.000000
564,7,1,,80,5,no,4,yes,1,0.9641310119433,0.9450005425347223,,2017-03-16 16:52:57.000000,2017-03-16 16:53:38.000000
565,10,1,,79,5,no,4,yes,0.36666666666666664,-0.9514405433529468,0.4324083116319445,,2017-03-16 15:52:59.000000,2017-03-16 16:53:41.000000
566,9,1,,31,5,no,4,yes,0.6407402886284722,-0.6015964770484481,-0.18981458875868065,,2017-03-16 16:53:03.000000,2017-03-16 16:53:47.000000
567,10,1,,2,1,yes,2,no,-0.5666666666666667,-0.8027648583595305,-0.5305555555555556,,2017-03-16 15:53:10.000000,2017-03-16 16:53:53.000000
568,7,1,,54,3,no,4,yes,0.9933336046006946,0.9295608930645847,0.21166720920138896,,2017-03-16 16:53:08.000000,2017-03-16 16:53:55.000000
569,7,1,,39,4,no,4,yes,1,0.9641310119433,0.3450005425347223,,2017-03-16 16:53:25.000000,2017-03-16 16:54:06.000000
570,10,1,,66,2,yes,1,yes,-0.2851847330729167,-0.9902032699426727,-0.2490763346354167,,2017-03-16 15:53:22.000000,2017-03-16 16:54:10.000000
571,9,1,,23,3,yes,2,no,-0.6481486002604168,-0.5746222833725778,-0.12314860026041666,,2017-03-16 16:53:16.000000,2017-03-16 16:54:13.000000
572,7,1,,44,2,yes,1,yes,-0.8733330620659723,0.5781638509661036,0.7894449869791667,,2017-03-16 16:53:36.000000,2017-03-16 16:54:16.000000
573,10,1,,60,1,yes,1,no,-0.3444444444444445,-0.9812793546022335,-0.11574164496527771,,2017-03-16 15:53:39.000000,2017-03-16 16:54:24.000000
574,9,1,,25,1,yes,1,no,-1,0.9465936100714925,0.4546291775173611,,2017-03-16 16:53:42.000000,2017-03-16 16:54:28.000000
575,7,1,,32,5,no,4,yes,0.8822224934895835,0.6155615236377665,0.6561116536458333,,2017-03-16 16:53:46.000000,2017-03-16 16:54:29.000000
576,10,1,,1,1,no,4,no,-0.4629625108506944,-0.840835544357081,-0.5453694661458335,,2017-03-16 15:53:53.000000,2017-03-16 16:54:41.000000
577,9,1,,47,2,yes,2,no,-0.5592597113715277,-0.8168517004165237,-0.14537014431423614,,2017-03-16 16:53:56.000000,2017-03-16 16:54:46.000000
578,7,0,,10004,5,yes,4,yes,0.9711113823784723,0.8871480614032334,0.3450005425347223,a110,2017-03-16 16:53:59.000000,2017-03-16 16:54:52.000000
579,10,1,,34,1,yes,1,yes,-0.44814860026041664,-0.9371591492231336,-0.45648125542534734,,2017-03-16 15:54:11.000000,2017-03-16 16:54:55.000000
580,7,1,,61,5,no,4,yes,0.9711113823784723,0.8871480614032334,0.9227783203125001,,2017-03-16 16:54:21.000000,2017-03-16 16:55:04.000000
581,9,1,,36,1,yes,2,no,-0.6925930447048613,-0.38496900247405397,0.5657409667968749,,2017-03-16 16:54:15.000000,2017-03-16 16:55:08.000000
582,7,1,,10,1,no,2,yes,-0.8955552842881945,0.66805254220406,0.7672227647569445,,2017-03-16 16:54:35.000000,2017-03-16 16:55:18.000000
583,10,1,,36,1,no,4,no,-0.3296291775173612,-0.9840732433904479,-0.13055691189236113,,2017-03-16 15:54:25.000000,2017-03-16 16:55:22.000000
584,8,2,2,,2,no,2,no,-0.2666666666666667,-0.992001851769611,-0.063888888888889,,2017-03-16 16:56:23.000000,2017-03-16 16:55:27.000000
585,9,1,,67,2,no,2,no,-0.07037082248263885,-0.8994351595568139,-0.5009256998697919,,2017-03-16 16:54:37.000000,2017-03-16 16:55:29.000000
586,7,1,,3,4,no,4,yes,0.660000271267361,0.39046503241734976,0.8338894314236112,,2017-03-16 16:54:48.000000,2017-03-16 16:55:30.000000
587,10,1,,53,2,yes,2,yes,-0.25555555555555565,-0.9929189224297311,-0.2046318901909722,,2017-03-16 15:54:53.000000,2017-03-16 16:55:37.000000
588,9,1,,60,1,yes,2,no,-0.11481526692708334,-0.9851614472856185,-0.3231479220920139,,2017-03-16 16:54:58.000000,2017-03-16 16:55:41.000000
589,8,2,6,,3,no,2,yes,0.1111111111111111,-0.9430793674021183,0.44722222222222224,,2017-03-16 16:56:39.000000,2017-03-16 16:55:42.000000
590,7,1,,71,4,no,4,yes,0.8822224934895835,0.6155615236377665,0.7450005425347224,,2017-03-16 16:54:59.000000,2017-03-16 16:55:43.000000
591,10,1,,47,2,yes,2,yes,-0.19629584418402785,-0.9667787098562698,-0.3972222222222223,,2017-03-16 15:55:10.000000,2017-03-16 16:55:53.000000
592,8,2,8,,4,no,4,yes,0.5333333333333334,-0.578068441179373,0.6472222222222224,,2017-03-16 16:56:53.000000,2017-03-16 16:55:55.000000
593,7,1,,69,1,no,2,yes,-0.8955552842881945,0.66805254220406,0.8561116536458334,,2017-03-16 16:55:12.000000,2017-03-16 16:55:57.000000
594,9,1,,29,3,no,4,yes,0.15185139973958336,-0.9943937824893728,-0.23425971137152776,,2017-03-16 16:55:11.000000,2017-03-16 16:56:03.000000
595,8,2,13,,2,no,2,no,-0.13333333333333336,-0.998149459622876,0.06944444444444448,,2017-03-16 16:57:07.000000,2017-03-16 16:56:08.000000
596,7,1,,2,1,yes,2,yes,-0.8066663953993056,0.5994366676297924,0.8783338758680556,,2017-03-16 16:55:27.000000,2017-03-16 16:56:28.000000
597,9,1,,27,1,no,2,no,-0.5592597113715277,-0.8168517004165237,0.054629177517361176,,2017-03-16 16:55:32.000000,2017-03-16 16:56:34.000000
598,7,1,,12,1,yes,2,yes,-0.8955552842881945,0.8788255531280691,0.9672227647569446,,2017-03-16 16:55:58.000000,2017-03-16 16:56:41.000000
599,8,2,15,,2,no,2,no,-0.2222222222222222,-0.9922416544442326,-0.26388888888888884,,2017-03-16 16:57:20.000000,2017-03-16 16:56:44.000000
600,7,1,,49,1,yes,1,yes,-0.8066663953993056,0.24375327120103463,0.7894449869791667,,2017-03-16 16:56:11.000000,2017-03-16 16:56:53.000000
601,9,0,,10005,3,no,4,no,-0.07037082248263885,-0.9908744705606041,-0.27870347764756936,a010,2017-03-16 16:56:03.000000,2017-03-16 16:57:00.000000
602,10,2,2,,2,no,2,no,-0.018518066406250012,-0.9984748248424471,-0.1157402886284722,,2017-03-16 15:55:59.000000,2017-03-16 16:57:07.000000
603,7,1,,53,1,no,4,yes,-0.7177775065104167,0.018221174978041432,0.7672227647569445,,2017-03-16 16:56:22.000000,2017-03-16 16:57:10.000000
604,9,1,,34,1,yes,1,no,-0.5592597113715277,-0.8168517004165237,-0.4120374891493055,,2017-03-16 16:56:30.000000,2017-03-16 16:57:19.000000
605,10,2,6,,2,yes,2,yes,-0.27037082248263894,-0.9908744027810702,-0.27870415581597224,,2017-03-16 15:56:38.000000,2017-03-16 16:57:24.000000
606,8,2,21,,3,yes,4,yes,0.2000000000000001,-0.9829057624523566,0.33611111111111114,,2017-03-16 16:57:55.000000,2017-03-16 16:57:24.000000
607,8,2,25,,4,no,3,yes,0.8,0.20632928530448424,0.49166666666666675,,2017-03-16 16:58:36.000000,2017-03-16 16:57:35.000000
608,10,2,8,,4,no,2,yes,0.4111111111111111,-0.48962632992449573,0.6694444444444445,,2017-03-16 15:56:55.000000,2017-03-16 16:57:37.000000
609,9,1,,21,4,no,4,yes,0.6407402886284722,-0.6015964770484481,-0.05648193359375005,,2017-03-16 16:56:48.000000,2017-03-16 16:57:43.000000
610,8,2,26,,4,yes,4,yes,0.8888888888888891,0.6423496619925195,0.31388888888888894,,2017-03-16 16:58:46.000000,2017-03-16 16:57:52.000000
611,10,2,13,,4,no,4,yes,0.48518473307291665,-0.9147749957977722,0.28425971137152783,,2017-03-16 15:57:07.000000,2017-03-16 16:58:02.000000
612,7,2,2,,1,no,1,no,-0.8066663953993056,0.24375327120103463,0.713888888888889,,2017-03-16 16:56:55.000000,2017-03-16 16:58:11.000000
613,8,2,28,,2,no,2,yes,0.06666666666666661,-0.9551596320618567,0.42500000000000004,,2017-03-16 16:59:03.000000,2017-03-16 16:58:15.000000
614,10,2,15,,1,no,2,no,-0.3444444444444445,-0.9812793546022335,-0.24907362196180566,,2017-03-16 15:57:33.000000,2017-03-16 16:58:16.000000
615,9,1,,46,1,yes,1,no,-0.4259263780381945,-0.9547102703719288,-0.23425903320312513,,2017-03-16 16:57:30.000000,2017-03-16 16:58:23.000000
616,10,2,21,,2,no,2,yes,-0.3296291775173612,-0.9840732433904479,-0.26388888888888884,,2017-03-16 15:57:45.000000,2017-03-16 16:58:25.000000
617,8,2,30,,3,no,2,yes,0.17777777777777773,-0.9278588476306058,0.4694444444444445,,2017-03-16 16:59:27.000000,2017-03-16 16:58:33.000000
618,7,2,6,,3,no,2,yes,0.08222249348958342,-0.9782211786296773,0.3583336724175347,,2017-03-16 16:57:41.000000,2017-03-16 16:58:35.000000
619,9,1,,61,4,no,4,yes,0.37407362196180555,-0.9741549539560095,0.16574096679687503,,2017-03-16 16:57:52.000000,2017-03-16 16:58:36.000000
620,10,2,25,,4,yes,4,yes,0.4555555555555556,-0.9377769280524884,0.06203748914930552,,2017-03-16 15:57:55.000000,2017-03-16 16:58:38.000000
621,10,2,26,,5,no,4,yes,0.3962958441840277,-0.9585990247587488,0.4175930447048612,,2017-03-16 15:58:07.000000,2017-03-16 16:58:50.000000
622,7,2,8,,4,no,4,yes,0.9711113823784723,0.8871480614032334,0.26944444444444443,,2017-03-16 16:58:05.000000,2017-03-16 16:58:55.000000
623,8,2,34,,2,no,2,yes,-0.022222222222222244,-0.9722701052067964,0.38055555555555554,,2017-03-16 16:59:44.000000,2017-03-16 16:58:56.000000
624,9,1,,7,2,no,2,no,0.06296251085069438,-0.8408344470020945,-0.545370144314236,,2017-03-16 16:58:05.000000,2017-03-16 16:58:56.000000
625,10,2,28,,2,no,2,yes,-0.3,-0.9884787723111541,-0.10092637803819454,,2017-03-16 15:58:19.000000,2017-03-16 16:59:00.000000
626,7,2,13,,2,no,2,no,-0.8955552842881945,0.66805254220406,0.8916666666666667,,2017-03-16 16:58:24.000000,2017-03-16 16:59:08.000000
627,9,1,,4,1,yes,2,no,-0.4259263780381945,-0.9371591492231336,-0.45648125542534734,,2017-03-16 16:58:25.000000,2017-03-16 16:59:11.000000
628,10,2,30,,5,no,4,yes,0.30740695529513895,-0.921963077782608,0.4768507215711806,,2017-03-16 15:58:31.000000,2017-03-16 16:59:11.000000
629,7,2,15,,1,no,2,no,-0.7622219509548611,0.22197854643900716,0.8027777777777778,,2017-03-16 16:58:38.000000,2017-03-16 16:59:21.000000
630,9,1,,76,1,yes,2,no,-0.38148193359375004,-0.9719898768140137,0.07685207790798618,,2017-03-16 16:58:40.000000,2017-03-16 16:59:27.000000
631,10,2,34,,2,yes,2,yes,-0.2851847330729167,-0.9902032699426727,-0.2787048339843751,,2017-03-16 15:58:41.000000,2017-03-16 16:59:29.000000
632,8,2,35,,4,yes,4,yes,0.9333333333333333,0.7934895619680109,0.8250000000000001,,2017-03-16 17:00:07.000000,2017-03-16 16:59:34.000000
633,7,2,21,,2,yes,1,yes,-0.8066663953993056,0.5612093322254987,0.8694444444444446,,2017-03-16 16:58:51.000000,2017-03-16 16:59:35.000000
634,10,2,35,,4,yes,4,yes,0.4555555555555556,-0.8551842916662291,0.5361111111111111,,2017-03-16 15:58:59.000000,2017-03-16 16:59:40.000000
635,9,1,,11,2,yes,2,no,0.37407362196180555,-0.9741549539560095,-0.14537014431423614,,2017-03-16 16:58:56.000000,2017-03-16 16:59:43.000000
636,7,2,25,,5,no,4,yes,0.9266669379340278,0.9451382508264785,1,,2017-03-16 16:59:04.000000,2017-03-16 16:59:45.000000
637,9,1,,9,2,yes,2,no,-0.07037082248263885,-0.44925670802448947,-0.6787034776475696,,2017-03-16 16:59:12.000000,2017-03-16 16:59:54.000000
638,10,2,40,,2,yes,2,yes,-0.15185139973958336,-0.9873793880862031,-0.30833333333333335,,2017-03-16 15:59:10.000000,2017-03-16 16:59:54.000000
639,7,2,26,,4,no,4,yes,0.7488891601562501,0.5612093322254987,0.8694444444444446,,2017-03-16 16:59:14.000000,2017-03-16 16:59:55.000000
640,8,2,40,,3,no,2,yes,0.08888888888888898,-0.38939138798361594,0.6916666666666668,,2017-03-16 17:00:45.000000,2017-03-16 16:59:59.000000
641,7,2,28,,2,yes,1,yes,-0.7177775065104167,0.7331605911556109,0.913888888888889,,2017-03-16 16:59:25.000000,2017-03-16 17:00:06.000000
642,10,2,43,,3,yes,1,yes,-0.3444444444444445,-0.9812793546022335,-0.2046298556857638,,2017-03-16 15:59:23.000000,2017-03-16 17:00:11.000000
643,7,2,30,,5,no,4,yes,0.9711113823784723,0.8871480614032334,0.8250000000000001,,2017-03-16 16:59:36.000000,2017-03-16 17:00:20.000000
644,10,2,51,,2,no,2,yes,-0.38888888888888884,-0.9696465285865883,-0.18981526692708328,,2017-03-16 15:59:41.000000,2017-03-16 17:00:23.000000
645,8,2,43,,3,no,3,yes,0.24444444444444458,-0.6545154279172174,0.625,,2017-03-16 17:01:10.000000,2017-03-16 17:00:24.000000
646,7,2,34,,1,yes,1,yes,-0.8066663953993056,0.4576486365550212,0.8472222222222223,,2017-03-16 16:59:50.000000,2017-03-16 17:00:30.000000
647,9,2,2,,2,yes,2,no,-0.33703748914930554,-0.8151422341352575,-0.5601854112413195,,2017-03-16 16:59:37.000000,2017-03-16 17:00:33.000000
648,9,2,2,,2,yes,2,no,-0.33703748914930554,-0.8151422341352575,-0.5601854112413195,,2017-03-16 16:59:37.000000,2017-03-16 17:00:33.000000
649,10,2,52,,3,yes,2,yes,-0.09259304470486109,-0.9988174739754362,-0.05648193359375005,,2017-03-16 15:59:53.000000,2017-03-16 17:00:36.000000
650,7,2,35,,5,no,4,yes,0.9933336046006946,0.9295608930645847,0.8027777777777778,,2017-03-16 17:00:00.000000,2017-03-16 17:00:44.000000
651,8,2,51,,3,no,2,yes,0.2666666666666667,-0.578068441179373,0.6472222222222224,,2017-03-16 17:01:35.000000,2017-03-16 17:00:44.000000
652,10,2,61,,5,yes,4,yes,0.5148152669270832,-0.7386487579812162,0.595370822482639,,2017-03-16 16:00:05.000000,2017-03-16 17:00:45.000000
653,7,2,40,,1,yes,1,yes,-0.9622219509548612,0.8677016722327848,0.8027777777777778,,2017-03-16 17:00:14.000000,2017-03-16 17:00:55.000000
654,10,2,64,,4,yes,2,yes,0.38148193359375004,-0.9719898768140137,0.25462917751736114,,2017-03-16 16:00:15.000000,2017-03-16 17:00:56.000000
655,8,2,52,,2,no,2,no,-0.17777777777777784,-0.9962664571510644,-0.19722222222222222,,2017-03-16 17:01:56.000000,2017-03-16 17:00:57.000000
656,9,2,8,,3,no,2,yes,0.19629584418402785,-0.9069552783047667,-0.4935187445746529,,2017-03-16 17:00:02.000000,2017-03-16 17:00:59.000000
657,10,2,75,,4,yes,4,yes,0.30740695529513895,-0.9875065798590278,0.23981526692708335,,2017-03-16 16:00:26.000000,2017-03-16 17:01:06.000000
658,8,2,61,,4,no,4,yes,0.8888888888888891,0.6423496619925195,0.6027777777777779,,2017-03-16 17:02:08.000000,2017-03-16 17:01:13.000000
659,9,2,13,,1,yes,2,no,0.01851806640624989,-0.9777777566713021,-0.3601854112413194,,2017-03-16 17:00:28.000000,2017-03-16 17:01:17.000000
660,10,2,93,,4,yes,4,yes,0.7074069552951389,-0.31179177382696965,0.6398152669270833,,2017-03-16 16:00:36.000000,2017-03-16 17:01:17.000000
661,10,2,9999,,4,yes,4,yes,0.5296291775173612,-0.8645073071853534,0.25462917751736114,,2017-03-16 16:00:47.000000,2017-03-16 17:01:26.000000
662,9,2,15,,2,yes,2,no,-0.4703708224826389,-0.9271455934893568,-0.4490743001302084,,2017-03-16 17:00:46.000000,2017-03-16 17:01:48.000000
663,9,2,21,,2,yes,2,no,0.37407362196180555,-0.9542568395020301,-0.42685207790798624,,2017-03-16 17:01:17.000000,2017-03-16 17:02:06.000000
664,7,2,43,,4,no,1,yes,0.9044447157118056,0.7006384504560137,0.2916666666666667,,2017-03-16 17:00:25.000000,2017-03-16 17:02:09.000000
665,7,2,51,,2,yes,1,yes,0.9266669379340278,0.8014038799733136,0.9361117892795139,,2017-03-16 17:01:38.000000,2017-03-16 17:02:30.000000
666,8,2,64,,2,no,2,yes,0.13333333333333322,-0.9278588476306058,0.4694444444444445,,2017-03-16 17:02:25.000000,2017-03-16 17:02:31.000000
667,9,2,25,,5,no,4,yes,0.7296291775173612,-0.19433238899261818,-0.004629855685763973,,2017-03-16 17:01:35.000000,2017-03-16 17:02:40.000000
668,8,2,75,,3,yes,4,yes,0.4666666666666668,-0.9087501520570657,0.49166666666666675,,2017-03-16 17:03:42.000000,2017-03-16 17:02:46.000000
669,7,2,52,,1,no,4,yes,0.8822224934895835,0.6155615236377665,0.5583333333333333,,2017-03-16 17:02:00.000000,2017-03-16 17:02:50.000000
670,9,2,26,,3,yes,3,yes,0.5518513997395833,-0.830024646182551,0.06203681098090276,,2017-03-16 17:02:09.000000,2017-03-16 17:03:00.000000
671,8,2,93,,4,yes,4,yes,0.9777777777777779,0.9007702065774681,0.7805555555555556,,2017-03-16 17:03:58.000000,2017-03-16 17:03:08.000000
672,7,2,61,,5,no,4,yes,1,1,0.7805555555555556,,2017-03-16 17:02:20.000000,2017-03-16 17:03:11.000000
673,9,2,28,,1,yes,2,no,-0.5592597113715277,-0.8168517004165237,-0.5379631890190973,,2017-03-16 17:02:29.000000,2017-03-16 17:03:18.000000
674,8,2,9999,,4,yes,4,yes,0.8222222222222222,0.32897597368471687,0.736111111111111,,2017-03-16 17:04:20.000000,2017-03-16 17:03:20.000000
675,7,2,64,,1,yes,1,yes,-0.8511108398437501,0.9062124544358083,0.9805555555555556,,2017-03-16 17:02:41.000000,2017-03-16 17:03:25.000000
676,9,2,30,,4,no,4,yes,0.507406955295139,-0.8923845755080044,0.4620368109809028,,2017-03-16 17:02:47.000000,2017-03-16 17:03:39.000000
677,7,2,75,,2,no,4,yes,0.9711113823784723,0.8871480614032334,0.5805555555555556,,2017-03-16 17:02:54.000000,2017-03-16 17:03:40.000000
678,7,2,93,,5,no,4,yes,0.7933336046006946,0.8587160264503859,0.9583333333333334,,2017-03-16 17:03:10.000000,2017-03-16 17:03:50.000000
679,9,2,34,,2,yes,2,no,-0.38148193359375004,-0.9719898768140137,-0.3601854112413194,,2017-03-16 17:03:08.000000,2017-03-16 17:03:59.000000
680,7,2,9999,,5,no,5,yes,0.837778049045139,0.41041927969775416,0.8027777777777778,,2017-03-16 17:03:20.000000,2017-03-16 17:04:02.000000
681,9,2,35,,4,no,3,yes,0.37407362196180555,-0.9741549539560095,-0.29351874457465277,,2017-03-16 17:03:28.000000,2017-03-16 17:04:23.000000
682,9,2,40,,2,yes,2,no,-0.2037041558159722,-0.9959910574915215,-0.07129652235243059,,2017-03-16 17:03:52.000000,2017-03-16 17:04:40.000000
683,9,2,43,,2,no,2,no,-0.4703708224826389,-0.9271455934893568,-0.3601854112413194,,2017-03-16 17:04:09.000000,2017-03-16 17:05:07.000000
684,9,2,51,,1,yes,1,no,-0.07037082248263885,-0.9419402281801369,-0.4490743001302084,,2017-03-16 17:04:36.000000,2017-03-16 17:05:26.000000
685,9,2,52,,1,yes,2,no,-0.02592637803819448,-0.9069552783047667,-0.4935187445746529,,2017-03-16 17:04:56.000000,2017-03-16 17:05:40.000000
686,9,2,61,,4,no,4,yes,0.46296251085069456,-0.9326643171225031,0.12870415581597225,,2017-03-16 17:05:08.000000,2017-03-16 17:05:51.000000
687,9,2,64,,2,yes,2,no,0.01851806640624989,-0.9934047024325438,-0.24907362196180566,,2017-03-16 17:05:20.000000,2017-03-16 17:06:07.000000
688,9,2,75,,2,no,3,yes,0.41851806640625006,-0.958184040628942,-0.11574096679687508,,2017-03-16 17:05:36.000000,2017-03-16 17:06:47.000000
689,9,2,93,,5,no,4,yes,0.6851847330729167,-0.41980284760373177,-0.09351874457465272,,2017-03-16 17:06:16.000000,2017-03-16 17:07:02.000000
690,9,2,9999,,5,no,4,yes,0.5962958441840278,-0.7363114947248637,0.23981526692708335,,2017-03-16 17:06:31.000000,2017-03-16 17:07:19.000000