,loc_id,img_name,attractiveness
0,512,EXPV_512_5.jpg,3
1,512,EXPV_512_35.jpg,3
2,512,EXPV_512_95.jpg,3
3,512,EXPV_512_125.jpg,3
4,512,EXPV_512_185.jpg,3
5,512,EXPV_512_215.jpg,3
6,512,EXPV_512_275.jpg,3
7,512,EXPV_512_305.jpg,3
8,516,EXPV_516_82.jpg,3
9,516,EXPV_516_112.jpg,3
10,517,EXPV_517_284.jpg,3
11,517,EXPV_517_314.jpg,3
12,517,EXPV_517_14.jpg,3
13,517,EXPV_517_44.jpg,3
14,6,EXPV_6_223.jpg,3
15,6,EXPV_6_253.jpg,3
16,6,EXPV_6_313.jpg,3
17,6,EXPV_6_343.jpg,3
18,8,EXPV_8_154.jpg,4
19,8,EXPV_8_184.jpg,4
20,523,EXPV_523_117.jpg,2
21,523,EXPV_523_147.jpg,2
22,523,EXPV_523_207.jpg,2
23,523,EXPV_523_237.jpg,2
24,523,EXPV_523_297.jpg,2
25,523,EXPV_523_327.jpg,2
26,523,EXPV_523_27.jpg,2
27,523,EXPV_523_57.jpg,2
28,13,EXPV_13_129.jpg,3
29,13,EXPV_13_159.jpg,3
30,527,EXPV_527_15.jpg,2
31,527,EXPV_527_45.jpg,2
32,527,EXPV_527_105.jpg,2
33,527,EXPV_527_135.jpg,2
34,527,EXPV_527_195.jpg,2
35,527,EXPV_527_225.jpg,2
36,527,EXPV_527_285.jpg,2
37,527,EXPV_527_315.jpg,2
38,529,EXPV_529_323.jpg,4
39,529,EXPV_529_353.jpg,4
40,529,EXPV_529_53.jpg,4
41,529,EXPV_529_83.jpg,4
42,530,EXPV_530_274.jpg,2
43,530,EXPV_530_304.jpg,2
44,530,EXPV_530_4.jpg,2
45,530,EXPV_530_34.jpg,2
46,533,EXPV_533_92.jpg,2
47,533,EXPV_533_122.jpg,2
48,26,EXPV_26_255.jpg,4
49,26,EXPV_26_285.jpg,4
50,26,EXPV_26_345.jpg,4
51,26,EXPV_26_15.jpg,4
52,539,EXPV_539_170.jpg,2
53,539,EXPV_539_200.jpg,2
54,539,EXPV_539_260.jpg,2
55,539,EXPV_539_290.jpg,2
56,28,EXPV_28_165.jpg,2
57,28,EXPV_28_195.jpg,2
58,28,EXPV_28_345.jpg,3
59,28,EXPV_28_15.jpg,3
60,30,EXPV_30_235.jpg,4
61,30,EXPV_30_265.jpg,4
62,30,EXPV_30_325.jpg,4
63,30,EXPV_30_355.jpg,4
64,30,EXPV_30_55.jpg,4
65,30,EXPV_30_85.jpg,4
66,30,EXPV_30_145.jpg,4
67,30,EXPV_30_175.jpg,4
68,52,EXPV_52_167.jpg,3
69,52,EXPV_52_197.jpg,3
70,52,EXPV_52_257.jpg,3
71,52,EXPV_52_287.jpg,3
72,34,EXPV_34_249.jpg,2
73,34,EXPV_34_279.jpg,2
74,34,EXPV_34_339.jpg,2
75,34,EXPV_34_9.jpg,2
76,34,EXPV_34_69.jpg,2
77,34,EXPV_34_99.jpg,2
78,34,EXPV_34_159.jpg,2
79,34,EXPV_34_189.jpg,2
80,35,EXPV_35_279.jpg,4
81,35,EXPV_35_309.jpg,4
82,35,EXPV_35_9.jpg,4
83,35,EXPV_35_39.jpg,4
84,548,EXPV_548_42.jpg,3
85,548,EXPV_548_72.jpg,3
86,548,EXPV_548_132.jpg,3
87,548,EXPV_548_162.jpg,3
88,40,EXPV_40_132.jpg,2
89,40,EXPV_40_162.jpg,2
90,40,EXPV_40_222.jpg,2
91,40,EXPV_40_252.jpg,2
92,40,EXPV_40_312.jpg,2
93,40,EXPV_40_342.jpg,2
94,40,EXPV_40_42.jpg,2
95,40,EXPV_40_72.jpg,2
96,555,EXPV_555_70.jpg,2
97,555,EXPV_555_100.jpg,2
98,555,EXPV_555_250.jpg,4
99,555,EXPV_555_280.jpg,4
100,556,EXPV_556_210.jpg,4
101,556,EXPV_556_240.jpg,4
102,556,EXPV_556_300.jpg,4
103,556,EXPV_556_330.jpg,4
104,561,EXPV_561_22.jpg,3
105,561,EXPV_561_52.jpg,3
106,51,EXPV_51_189.jpg,2
107,51,EXPV_51_219.jpg,2
108,51,EXPV_51_99.jpg,2
109,51,EXPV_51_129.jpg,2
110,564,EXPV_564_356.jpg,2
111,564,EXPV_564_26.jpg,2
112,564,EXPV_564_86.jpg,2
113,564,EXPV_564_116.jpg,2
114,567,EXPV_567_297.jpg,4
115,567,EXPV_567_327.jpg,4
116,567,EXPV_567_27.jpg,4
117,567,EXPV_567_57.jpg,4
118,567,EXPV_567_117.jpg,4
119,567,EXPV_567_147.jpg,4
120,567,EXPV_567_207.jpg,4
121,567,EXPV_567_237.jpg,4
122,570,EXPV_570_78.jpg,2
123,570,EXPV_570_108.jpg,2
124,570,EXPV_570_168.jpg,2
125,570,EXPV_570_198.jpg,2
126,570,EXPV_570_258.jpg,2
127,570,EXPV_570_288.jpg,2
128,570,EXPV_570_348.jpg,2
129,570,EXPV_570_18.jpg,2
130,61,EXPV_61_29.jpg,4
131,61,EXPV_61_59.jpg,4
132,61,EXPV_61_119.jpg,4
133,61,EXPV_61_149.jpg,4
134,61,EXPV_61_209.jpg,4
135,61,EXPV_61_239.jpg,4
136,61,EXPV_61_299.jpg,4
137,61,EXPV_61_329.jpg,4
138,64,EXPV_64_160.jpg,3
139,64,EXPV_64_190.jpg,3
140,64,EXPV_64_250.jpg,3
141,64,EXPV_64_280.jpg,3
142,578,EXPV_578_324.jpg,4
143,578,EXPV_578_354.jpg,4
144,578,EXPV_578_54.jpg,4
145,578,EXPV_578_84.jpg,4
146,578,EXPV_578_144.jpg,4
147,578,EXPV_578_174.jpg,4
148,578,EXPV_578_234.jpg,4
149,578,EXPV_578_264.jpg,4
150,579,EXPV_579_135.jpg,3
151,579,EXPV_579_165.jpg,3
152,579,EXPV_579_225.jpg,3
153,579,EXPV_579_255.jpg,3
154,582,EXPV_582_264.jpg,3
155,582,EXPV_582_294.jpg,3
156,75,EXPV_75_165.jpg,2
157,75,EXPV_75_195.jpg,2
158,75,EXPV_75_345.jpg,4
159,75,EXPV_75_15.jpg,4
160,589,EXPV_589_268.jpg,4
161,589,EXPV_589_298.jpg,4
162,589,EXPV_589_358.jpg,4
163,589,EXPV_589_28.jpg,4
164,594,EXPV_594_9.jpg,4
165,594,EXPV_594_39.jpg,4
166,594,EXPV_594_99.jpg,4
167,594,EXPV_594_129.jpg,4
168,594,EXPV_594_189.jpg,4
169,594,EXPV_594_219.jpg,4
170,594,EXPV_594_279.jpg,4
171,594,EXPV_594_309.jpg,4
172,595,EXPV_595_145.jpg,4
173,595,EXPV_595_175.jpg,4
174,595,EXPV_595_235.jpg,4
175,595,EXPV_595_265.jpg,4
176,598,EXPV_598_113.jpg,3
177,598,EXPV_598_143.jpg,3
178,598,EXPV_598_203.jpg,3
179,598,EXPV_598_233.jpg,3
180,599,EXPV_599_59.jpg,3
181,599,EXPV_599_89.jpg,3
182,600,EXPV_600_343.jpg,3
183,600,EXPV_600_13.jpg,3
184,600,EXPV_600_163.jpg,2
185,600,EXPV_600_193.jpg,2
186,602,EXPV_602_161.jpg,2
187,602,EXPV_602_191.jpg,2
188,602,EXPV_602_251.jpg,2
189,602,EXPV_602_281.jpg,2
190,271,EXPV_271_175.jpg,3
191,271,EXPV_271_205.jpg,3
192,93,EXPV_93_109.jpg,4
193,93,EXPV_93_139.jpg,4
194,93,EXPV_93_199.jpg,4
195,93,EXPV_93_229.jpg,4
196,93,EXPV_93_289.jpg,4
197,93,EXPV_93_319.jpg,4
198,93,EXPV_93_19.jpg,4
199,93,EXPV_93_49.jpg,4
200,606,EXPV_606_74.jpg,4
201,606,EXPV_606_104.jpg,4
202,606,EXPV_606_254.jpg,3
203,606,EXPV_606_284.jpg,3
204,610,EXPV_610_152.jpg,2
205,610,EXPV_610_182.jpg,2
206,610,EXPV_610_242.jpg,2
207,610,EXPV_610_272.jpg,2
208,611,EXPV_611_300.jpg,3
209,611,EXPV_611_330.jpg,3
210,612,EXPV_612_72.jpg,3
211,612,EXPV_612_102.jpg,3
212,612,EXPV_612_162.jpg,3
213,612,EXPV_612_192.jpg,3
214,612,EXPV_612_252.jpg,3
215,612,EXPV_612_282.jpg,3
216,612,EXPV_612_342.jpg,3
217,612,EXPV_612_12.jpg,3
218,615,EXPV_615_221.jpg,4
219,615,EXPV_615_251.jpg,4
220,615,EXPV_615_311.jpg,4
221,615,EXPV_615_341.jpg,4
222,620,EXPV_620_256.jpg,4
223,620,EXPV_620_286.jpg,4
224,628,EXPV_628_345.jpg,2
225,628,EXPV_628_15.jpg,2
226,628,EXPV_628_75.jpg,2
227,628,EXPV_628_105.jpg,2
228,21,EXPV_21_306.jpg,2
229,21,EXPV_21_336.jpg,2
230,21,EXPV_21_36.jpg,2
231,21,EXPV_21_66.jpg,2
232,21,EXPV_21_126.jpg,2
233,21,EXPV_21_156.jpg,2
234,21,EXPV_21_216.jpg,2
235,21,EXPV_21_246.jpg,2
236,640,EXPV_640_61.jpg,2
237,640,EXPV_640_91.jpg,2
238,640,EXPV_640_151.jpg,2
239,640,EXPV_640_181.jpg,2
240,640,EXPV_640_241.jpg,2
241,640,EXPV_640_271.jpg,2
242,640,EXPV_640_331.jpg,2
243,640,EXPV_640_1.jpg,2
244,641,EXPV_641_113.jpg,2
245,641,EXPV_641_143.jpg,2
246,641,EXPV_641_203.jpg,2
247,641,EXPV_641_233.jpg,2
248,641,EXPV_641_293.jpg,2
249,641,EXPV_641_323.jpg,2
250,641,EXPV_641_23.jpg,2
251,641,EXPV_641_53.jpg,2
252,642,EXPV_642_54.jpg,4
253,642,EXPV_642_84.jpg,4
254,642,EXPV_642_144.jpg,4
255,642,EXPV_642_174.jpg,4
256,644,EXPV_644_52.jpg,2
257,644,EXPV_644_82.jpg,2
258,646,EXPV_646_228.jpg,3
259,646,EXPV_646_258.jpg,3
260,646,EXPV_646_138.jpg,3
261,646,EXPV_646_168.jpg,3
262,650,EXPV_650_13.jpg,2
263,650,EXPV_650_43.jpg,2
264,650,EXPV_650_103.jpg,2
265,650,EXPV_650_133.jpg,2
266,650,EXPV_650_193.jpg,2
267,650,EXPV_650_223.jpg,2
268,650,EXPV_650_283.jpg,2
269,650,EXPV_650_313.jpg,2
270,653,EXPV_653_14.jpg,3
271,653,EXPV_653_44.jpg,3
272,653,EXPV_653_104.jpg,3
273,653,EXPV_653_134.jpg,3
274,654,EXPV_654_327.jpg,3
275,654,EXPV_654_357.jpg,3
276,654,EXPV_654_57.jpg,3
277,654,EXPV_654_87.jpg,3
278,654,EXPV_654_147.jpg,3
279,654,EXPV_654_177.jpg,3
280,654,EXPV_654_237.jpg,3
281,654,EXPV_654_267.jpg,3
282,655,EXPV_655_356.jpg,3
283,655,EXPV_655_26.jpg,3
284,655,EXPV_655_266.jpg,3
285,655,EXPV_655_296.jpg,3
286,666,EXPV_666_69.jpg,4
287,666,EXPV_666_99.jpg,4
288,666,EXPV_666_159.jpg,4
289,666,EXPV_666_189.jpg,4
290,666,EXPV_666_249.jpg,4
291,666,EXPV_666_279.jpg,4
292,666,EXPV_666_339.jpg,4
293,666,EXPV_666_9.jpg,4
294,668,EXPV_668_317.jpg,3
295,668,EXPV_668_347.jpg,3
296,668,EXPV_668_47.jpg,3
297,668,EXPV_668_77.jpg,3
298,668,EXPV_668_137.jpg,3
299,668,EXPV_668_167.jpg,3
300,668,EXPV_668_227.jpg,3
301,668,EXPV_668_257.jpg,3
302,669,EXPV_669_82.jpg,3
303,669,EXPV_669_112.jpg,3
304,669,EXPV_669_172.jpg,3
305,669,EXPV_669_202.jpg,3
306,670,EXPV_670_301.jpg,2
307,670,EXPV_670_331.jpg,2
308,670,EXPV_670_31.jpg,2
309,670,EXPV_670_61.jpg,2
310,673,EXPV_673_65.jpg,3
311,673,EXPV_673_95.jpg,3
312,673,EXPV_673_155.jpg,3
313,673,EXPV_673_185.jpg,3
314,675,EXPV_675_19.jpg,3
315,675,EXPV_675_49.jpg,3
316,675,EXPV_675_109.jpg,3
317,675,EXPV_675_139.jpg,3
318,681,EXPV_681_319.jpg,2
319,681,EXPV_681_349.jpg,2
320,681,EXPV_681_229.jpg,2
321,681,EXPV_681_259.jpg,2
322,684,EXPV_684_313.jpg,3
323,684,EXPV_684_343.jpg,3
324,684,EXPV_684_223.jpg,3
325,684,EXPV_684_253.jpg,3
326,685,EXPV_685_328.jpg,3
327,685,EXPV_685_358.jpg,3
328,685,EXPV_685_58.jpg,3
329,685,EXPV_685_88.jpg,3
330,685,EXPV_685_148.jpg,3
331,685,EXPV_685_178.jpg,3
332,685,EXPV_685_238.jpg,3
333,685,EXPV_685_268.jpg,3
334,686,EXPV_686_6.jpg,2
335,686,EXPV_686_36.jpg,2
336,686,EXPV_686_96.jpg,2
337,686,EXPV_686_126.jpg,2
338,689,EXPV_689_4.jpg,2
339,689,EXPV_689_34.jpg,2
340,689,EXPV_689_274.jpg,2
341,689,EXPV_689_304.jpg,2
342,699,EXPV_699_322.jpg,3
343,699,EXPV_699_352.jpg,3
344,699,EXPV_699_142.jpg,4
345,699,EXPV_699_172.jpg,4
346,201,EXPV_201_292.jpg,3
347,201,EXPV_201_322.jpg,3
348,201,EXPV_201_22.jpg,3
349,201,EXPV_201_52.jpg,3
350,201,EXPV_201_112.jpg,3
351,201,EXPV_201_142.jpg,3
352,201,EXPV_201_202.jpg,3
353,201,EXPV_201_232.jpg,3
354,203,EXPV_203_335.jpg,2
355,203,EXPV_203_5.jpg,2
356,203,EXPV_203_65.jpg,2
357,203,EXPV_203_95.jpg,2
358,206,EXPV_206_265.jpg,2
359,206,EXPV_206_295.jpg,2
360,206,EXPV_206_175.jpg,2
361,206,EXPV_206_205.jpg,2
362,208,EXPV_208_87.jpg,3
363,208,EXPV_208_117.jpg,3
364,208,EXPV_208_177.jpg,3
365,208,EXPV_208_207.jpg,3
366,209,EXPV_209_121.jpg,4
367,209,EXPV_209_151.jpg,4
368,209,EXPV_209_211.jpg,4
369,209,EXPV_209_241.jpg,4
370,210,EXPV_210_310.jpg,3
371,210,EXPV_210_340.jpg,3
372,210,EXPV_210_40.jpg,3
373,210,EXPV_210_70.jpg,3
374,547,EXPV_547_235.jpg,2
375,547,EXPV_547_265.jpg,2
376,547,EXPV_547_325.jpg,2
377,547,EXPV_547_355.jpg,2
378,547,EXPV_547_55.jpg,2
379,547,EXPV_547_85.jpg,2
380,547,EXPV_547_145.jpg,2
381,547,EXPV_547_175.jpg,2
382,212,EXPV_212_112.jpg,2
383,212,EXPV_212_142.jpg,2
384,213,EXPV_213_219.jpg,3
385,213,EXPV_213_249.jpg,3
386,213,EXPV_213_309.jpg,3
387,213,EXPV_213_339.jpg,3
388,213,EXPV_213_39.jpg,3
389,213,EXPV_213_69.jpg,3
390,213,EXPV_213_129.jpg,3
391,213,EXPV_213_159.jpg,3
392,215,EXPV_215_7.jpg,3
393,215,EXPV_215_37.jpg,3
394,216,EXPV_216_106.jpg,3
395,216,EXPV_216_136.jpg,3
396,216,EXPV_216_196.jpg,3
397,216,EXPV_216_226.jpg,3
398,216,EXPV_216_286.jpg,3
399,216,EXPV_216_316.jpg,3
400,216,EXPV_216_16.jpg,3
401,216,EXPV_216_46.jpg,3
402,217,EXPV_217_252.jpg,2
403,217,EXPV_217_282.jpg,2
404,217,EXPV_217_342.jpg,2
405,217,EXPV_217_12.jpg,2
406,217,EXPV_217_72.jpg,2
407,217,EXPV_217_102.jpg,2
408,217,EXPV_217_162.jpg,2
409,217,EXPV_217_192.jpg,2
410,331,EXPV_331_163.jpg,2
411,331,EXPV_331_193.jpg,2
412,331,EXPV_331_73.jpg,2
413,331,EXPV_331_103.jpg,2
414,220,EXPV_220_106.jpg,2
415,220,EXPV_220_136.jpg,2
416,220,EXPV_220_196.jpg,2
417,220,EXPV_220_226.jpg,2
418,221,EXPV_221_79.jpg,2
419,221,EXPV_221_109.jpg,2
420,221,EXPV_221_349.jpg,2
421,221,EXPV_221_19.jpg,2
422,222,EXPV_222_86.jpg,3
423,222,EXPV_222_116.jpg,3
424,222,EXPV_222_176.jpg,3
425,222,EXPV_222_206.jpg,3
426,222,EXPV_222_266.jpg,3
427,222,EXPV_222_296.jpg,3
428,222,EXPV_222_356.jpg,3
429,222,EXPV_222_26.jpg,3
430,223,EXPV_223_59.jpg,3
431,223,EXPV_223_89.jpg,3
432,223,EXPV_223_149.jpg,3
433,223,EXPV_223_179.jpg,3
434,223,EXPV_223_239.jpg,3
435,223,EXPV_223_269.jpg,3
436,223,EXPV_223_329.jpg,3
437,223,EXPV_223_359.jpg,3
438,224,EXPV_224_106.jpg,2
439,224,EXPV_224_136.jpg,2
440,224,EXPV_224_196.jpg,2
441,224,EXPV_224_226.jpg,2
442,225,EXPV_225_89.jpg,2
443,225,EXPV_225_119.jpg,2
444,225,EXPV_225_269.jpg,3
445,225,EXPV_225_299.jpg,3
446,228,EXPV_228_141.jpg,2
447,228,EXPV_228_171.jpg,2
448,228,EXPV_228_321.jpg,3
449,228,EXPV_228_351.jpg,3
450,229,EXPV_229_217.jpg,4
451,229,EXPV_229_247.jpg,4
452,229,EXPV_229_307.jpg,4
453,229,EXPV_229_337.jpg,4
454,229,EXPV_229_37.jpg,4
455,229,EXPV_229_67.jpg,4
456,229,EXPV_229_127.jpg,4
457,229,EXPV_229_157.jpg,4
458,251,EXPV_251_293.jpg,4
459,251,EXPV_251_323.jpg,4
460,251,EXPV_251_23.jpg,4
461,251,EXPV_251_53.jpg,4
462,251,EXPV_251_113.jpg,4
463,251,EXPV_251_143.jpg,4
464,251,EXPV_251_203.jpg,4
465,251,EXPV_251_233.jpg,4
466,253,EXPV_253_314.jpg,4
467,253,EXPV_253_344.jpg,4
468,253,EXPV_253_44.jpg,4
469,253,EXPV_253_74.jpg,4
470,43,EXPV_43_129.jpg,3
471,43,EXPV_43_159.jpg,3
472,43,EXPV_43_219.jpg,3
473,43,EXPV_43_249.jpg,3
474,520,EXPV_520_247.jpg,4
475,520,EXPV_520_277.jpg,4
476,520,EXPV_520_337.jpg,4
477,520,EXPV_520_7.jpg,4
478,9999,EXPV_9999_23.jpg,3
479,9999,EXPV_9999_53.jpg,3
480,9999,EXPV_9999_203.jpg,4
481,9999,EXPV_9999_233.jpg,4
482,272,EXPV_272_169.jpg,3
483,272,EXPV_272_199.jpg,3
484,272,EXPV_272_259.jpg,3
485,272,EXPV_272_289.jpg,3
486,273,EXPV_273_218.jpg,4
487,273,EXPV_273_248.jpg,4
488,273,EXPV_273_38.jpg,2
489,273,EXPV_273_68.jpg,2
490,274,EXPV_274_219.jpg,4
491,274,EXPV_274_249.jpg,4
492,277,EXPV_277_128.jpg,3
493,277,EXPV_277_158.jpg,3
494,277,EXPV_277_218.jpg,3
495,277,EXPV_277_248.jpg,3
496,277,EXPV_277_308.jpg,3
497,277,EXPV_277_338.jpg,3
498,277,EXPV_277_38.jpg,3
499,277,EXPV_277_68.jpg,3
500,538,EXPV_538_219.jpg,3
501,538,EXPV_538_249.jpg,3
502,538,EXPV_538_39.jpg,2
503,538,EXPV_538_69.jpg,2
504,304,EXPV_304_39.jpg,4
505,304,EXPV_304_69.jpg,4
506,304,EXPV_304_219.jpg,3
507,304,EXPV_304_249.jpg,3
508,307,EXPV_307_245.jpg,2
509,307,EXPV_307_275.jpg,2
510,307,EXPV_307_335.jpg,2
511,307,EXPV_307_5.jpg,2
512,308,EXPV_308_304.jpg,3
513,308,EXPV_308_334.jpg,3
514,308,EXPV_308_214.jpg,3
515,308,EXPV_308_244.jpg,3
516,313,EXPV_313_312.jpg,3
517,313,EXPV_313_342.jpg,3
518,313,EXPV_313_42.jpg,3
519,313,EXPV_313_72.jpg,3
520,314,EXPV_314_234.jpg,3
521,314,EXPV_314_264.jpg,3
522,315,EXPV_315_244.jpg,4
523,315,EXPV_315_274.jpg,4
524,315,EXPV_315_334.jpg,4
525,315,EXPV_315_4.jpg,4
526,315,EXPV_315_64.jpg,4
527,315,EXPV_315_94.jpg,4
528,315,EXPV_315_154.jpg,4
529,315,EXPV_315_184.jpg,4
530,320,EXPV_320_239.jpg,3
531,320,EXPV_320_269.jpg,3
532,320,EXPV_320_329.jpg,3
533,320,EXPV_320_359.jpg,3
534,323,EXPV_323_212.jpg,2
535,323,EXPV_323_242.jpg,2
536,324,EXPV_324_281.jpg,2
537,324,EXPV_324_311.jpg,2
538,324,EXPV_324_11.jpg,2
539,324,EXPV_324_41.jpg,2
540,324,EXPV_324_101.jpg,2
541,324,EXPV_324_131.jpg,2
542,324,EXPV_324_191.jpg,2
543,324,EXPV_324_221.jpg,2
544,326,EXPV_326_185.jpg,2
545,326,EXPV_326_215.jpg,2
546,326,EXPV_326_275.jpg,2
547,326,EXPV_326_305.jpg,2
548,329,EXPV_329_154.jpg,2
549,329,EXPV_329_184.jpg,2
550,329,EXPV_329_244.jpg,2
551,329,EXPV_329_274.jpg,2
552,330,EXPV_330_86.jpg,2
553,330,EXPV_330_116.jpg,2
554,330,EXPV_330_176.jpg,2
555,330,EXPV_330_206.jpg,2
556,2,EXPV_2_65.jpg,3
557,2,EXPV_2_95.jpg,3
558,2,EXPV_2_245.jpg,2
559,2,EXPV_2_275.jpg,2
560,333,EXPV_333_307.jpg,2
561,333,EXPV_333_337.jpg,2
562,334,EXPV_334_269.jpg,4
563,334,EXPV_334_299.jpg,4
564,335,EXPV_335_157.jpg,2
565,335,EXPV_335_187.jpg,2
566,335,EXPV_335_337.jpg,3
567,335,EXPV_335_7.jpg,3
568,336,EXPV_336_354.jpg,3
569,336,EXPV_336_24.jpg,3
570,336,EXPV_336_84.jpg,3
571,336,EXPV_336_114.jpg,3
572,336,EXPV_336_174.jpg,3
573,336,EXPV_336_204.jpg,3
574,336,EXPV_336_264.jpg,3
575,336,EXPV_336_294.jpg,3
576,337,EXPV_337_112.jpg,2
577,337,EXPV_337_142.jpg,2
578,338,EXPV_338_164.jpg,2
579,338,EXPV_338_194.jpg,2
580,338,EXPV_338_254.jpg,2
581,338,EXPV_338_284.jpg,2
582,343,EXPV_343_235.jpg,2
583,343,EXPV_343_265.jpg,2
584,343,EXPV_343_325.jpg,2
585,343,EXPV_343_355.jpg,2
586,345,EXPV_345_26.jpg,3
587,345,EXPV_345_56.jpg,3
588,346,EXPV_346_235.jpg,2
589,346,EXPV_346_265.jpg,2
590,346,EXPV_346_325.jpg,2
591,346,EXPV_346_355.jpg,2
592,402,EXPV_402_309.jpg,2
593,402,EXPV_402_339.jpg,2
594,402,EXPV_402_39.jpg,2
595,402,EXPV_402_69.jpg,2
596,402,EXPV_402_129.jpg,2
597,402,EXPV_402_159.jpg,2
598,402,EXPV_402_219.jpg,2
599,402,EXPV_402_249.jpg,2
600,405,EXPV_405_301.jpg,3
601,405,EXPV_405_331.jpg,3
602,405,EXPV_405_31.jpg,3
603,405,EXPV_405_61.jpg,3
604,407,EXPV_407_136.jpg,3
605,407,EXPV_407_166.jpg,3
606,407,EXPV_407_226.jpg,3
607,407,EXPV_407_256.jpg,3
608,407,EXPV_407_316.jpg,3
609,407,EXPV_407_346.jpg,3
610,407,EXPV_407_46.jpg,3
611,407,EXPV_407_76.jpg,3
612,409,EXPV_409_231.jpg,3
613,409,EXPV_409_261.jpg,3
614,409,EXPV_409_321.jpg,3
615,409,EXPV_409_351.jpg,3
616,414,EXPV_414_198.jpg,3
617,414,EXPV_414_228.jpg,3
618,414,EXPV_414_288.jpg,3
619,414,EXPV_414_318.jpg,3
620,415,EXPV_415_163.jpg,2
621,415,EXPV_415_193.jpg,2
622,415,EXPV_415_253.jpg,2
623,415,EXPV_415_283.jpg,2
624,416,EXPV_416_237.jpg,2
625,416,EXPV_416_267.jpg,2
626,416,EXPV_416_327.jpg,2
627,416,EXPV_416_357.jpg,2
628,418,EXPV_418_299.jpg,3
629,418,EXPV_418_329.jpg,3
630,418,EXPV_418_29.jpg,3
631,418,EXPV_418_59.jpg,3
632,422,EXPV_422_346.jpg,2
633,422,EXPV_422_16.jpg,2
634,422,EXPV_422_76.jpg,2
635,422,EXPV_422_106.jpg,2
636,425,EXPV_425_50.jpg,3
637,425,EXPV_425_80.jpg,3
638,425,EXPV_425_140.jpg,3
639,425,EXPV_425_170.jpg,3
640,426,EXPV_426_172.jpg,4
641,426,EXPV_426_202.jpg,4
642,426,EXPV_426_82.jpg,4
643,426,EXPV_426_112.jpg,4
644,427,EXPV_427_338.jpg,3
645,427,EXPV_427_8.jpg,3
646,427,EXPV_427_68.jpg,3
647,427,EXPV_427_98.jpg,3
648,428,EXPV_428_168.jpg,1
649,428,EXPV_428_198.jpg,1
650,428,EXPV_428_348.jpg,2
651,428,EXPV_428_18.jpg,2
652,429,EXPV_429_121.jpg,2
653,429,EXPV_429_151.jpg,2
654,429,EXPV_429_211.jpg,2
655,429,EXPV_429_241.jpg,2
656,429,EXPV_429_301.jpg,2
657,429,EXPV_429_331.jpg,2
658,429,EXPV_429_31.jpg,2
659,429,EXPV_429_61.jpg,2
660,430,EXPV_430_211.jpg,2
661,430,EXPV_430_241.jpg,2
662,430,EXPV_430_301.jpg,2
663,430,EXPV_430_331.jpg,2
664,430,EXPV_430_31.jpg,2
665,430,EXPV_430_61.jpg,2
666,430,EXPV_430_121.jpg,2
667,430,EXPV_430_151.jpg,2
668,432,EXPV_432_247.jpg,4
669,432,EXPV_432_277.jpg,4
670,432,EXPV_432_67.jpg,3
671,432,EXPV_432_97.jpg,3
672,434,EXPV_434_102.jpg,3
673,434,EXPV_434_132.jpg,3
674,434,EXPV_434_192.jpg,3
675,434,EXPV_434_222.jpg,3
676,436,EXPV_436_93.jpg,3
677,436,EXPV_436_123.jpg,3
678,436,EXPV_436_3.jpg,3
679,436,EXPV_436_33.jpg,3
680,437,EXPV_437_47.jpg,4
681,437,EXPV_437_77.jpg,4
682,437,EXPV_437_137.jpg,4
683,437,EXPV_437_167.jpg,4
684,437,EXPV_437_227.jpg,4
685,437,EXPV_437_257.jpg,4
686,437,EXPV_437_317.jpg,4
687,437,EXPV_437_347.jpg,4
688,438,EXPV_438_76.jpg,3
689,438,EXPV_438_106.jpg,3
690,438,EXPV_438_166.jpg,3
691,438,EXPV_438_196.jpg,3
692,439,EXPV_439_169.jpg,3
693,439,EXPV_439_199.jpg,3
694,439,EXPV_439_79.jpg,3
695,439,EXPV_439_109.jpg,3
696,443,EXPV_443_75.jpg,4
697,443,EXPV_443_105.jpg,4
698,443,EXPV_443_255.jpg,3
699,443,EXPV_443_285.jpg,3
700,449,EXPV_449_51.jpg,4
701,449,EXPV_449_81.jpg,4
702,449,EXPV_449_321.jpg,4
703,449,EXPV_449_351.jpg,4
704,453,EXPV_453_70.jpg,4
705,453,EXPV_453_100.jpg,4
706,454,EXPV_454_219.jpg,1
707,454,EXPV_454_249.jpg,1
708,15,EXPV_15_119.jpg,2
709,15,EXPV_15_149.jpg,2
710,15,EXPV_15_29.jpg,2
711,15,EXPV_15_59.jpg,2
712,459,EXPV_459_7.jpg,3
713,459,EXPV_459_37.jpg,3
714,459,EXPV_459_187.jpg,2
715,459,EXPV_459_217.jpg,2
716,465,EXPV_465_287.jpg,2
717,465,EXPV_465_317.jpg,2
718,466,EXPV_466_116.jpg,3
719,466,EXPV_466_146.jpg,3
720,466,EXPV_466_206.jpg,3
721,466,EXPV_466_236.jpg,3
722,466,EXPV_466_296.jpg,3
723,466,EXPV_466_326.jpg,3
724,466,EXPV_466_26.jpg,3
725,466,EXPV_466_56.jpg,3
726,467,EXPV_467_348.jpg,3
727,467,EXPV_467_18.jpg,3
728,467,EXPV_467_78.jpg,3
729,467,EXPV_467_108.jpg,3
730,472,EXPV_472_328.jpg,3
731,472,EXPV_472_358.jpg,3
732,472,EXPV_472_58.jpg,3
733,472,EXPV_472_88.jpg,3
734,473,EXPV_473_307.jpg,2
735,473,EXPV_473_337.jpg,2
736,473,EXPV_473_217.jpg,2
737,473,EXPV_473_247.jpg,2
738,476,EXPV_476_62.jpg,2
739,476,EXPV_476_92.jpg,2
740,477,EXPV_477_256.jpg,2
741,477,EXPV_477_286.jpg,2
742,477,EXPV_477_346.jpg,2
743,477,EXPV_477_16.jpg,2
744,479,EXPV_479_166.jpg,3
745,479,EXPV_479_196.jpg,3
746,479,EXPV_479_346.jpg,4
747,479,EXPV_479_16.jpg,4
748,481,EXPV_481_80.jpg,2
749,481,EXPV_481_110.jpg,2
750,481,EXPV_481_170.jpg,2
751,481,EXPV_481_200.jpg,2
752,481,EXPV_481_260.jpg,2
753,481,EXPV_481_290.jpg,2
754,481,EXPV_481_350.jpg,2
755,481,EXPV_481_20.jpg,2
756,484,EXPV_484_59.jpg,2
757,484,EXPV_484_89.jpg,2
758,484,EXPV_484_149.jpg,2
759,484,EXPV_484_179.jpg,2
760,485,EXPV_485_160.jpg,3
761,485,EXPV_485_190.jpg,3
762,485,EXPV_485_340.jpg,2
763,485,EXPV_485_10.jpg,2
764,492,EXPV_492_352.jpg,3
765,492,EXPV_492_22.jpg,3
766,492,EXPV_492_82.jpg,3
767,492,EXPV_492_112.jpg,3
768,492,EXPV_492_172.jpg,3
769,492,EXPV_492_202.jpg,3
770,492,EXPV_492_262.jpg,3
771,492,EXPV_492_292.jpg,3
772,496,EXPV_496_307.jpg,3
773,496,EXPV_496_337.jpg,3
774,496,EXPV_496_37.jpg,3
775,496,EXPV_496_67.jpg,3
776,499,EXPV_499_307.jpg,2
777,499,EXPV_499_337.jpg,2
778,500,EXPV_500_325.jpg,4
779,500,EXPV_500_355.jpg,4
780,500,EXPV_500_55.jpg,4
781,500,EXPV_500_85.jpg,4
782,503,EXPV_503_174.jpg,3
783,503,EXPV_503_204.jpg,3
784,503,EXPV_503_264.jpg,3
785,503,EXPV_503_294.jpg,3
786,508,EXPV_508_341.jpg,2
787,508,EXPV_508_11.jpg,2
788,508,EXPV_508_71.jpg,2
789,508,EXPV_508_101.jpg,2
790,508,EXPV_508_161.jpg,2
791,508,EXPV_508_191.jpg,2
792,508,EXPV_508_251.jpg,2
793,508,EXPV_508_281.jpg,2
794,511,EXPV_511_45.jpg,4
795,511,EXPV_511_75.jpg,4
796,511,EXPV_511_135.jpg,4
797,511,EXPV_511_165.jpg,4
798,511,EXPV_511_225.jpg,4
799,511,EXPV_511_255.jpg,4
800,511,EXPV_511_315.jpg,4
801,511,EXPV_511_345.jpg,4
